{
  "type": "FeatureCollection",
  "features": [
    {
      "type": "Feature",
      "id": "nuclei_1",
      "geometry": {
        "type": "Polygon",
        "coordinates": [
          [
            [
              65.0,
              39.5
            ],
            [
              64.0,
              39.5
            ],
            [
              63.0,
              39.5
            ],
            [
              62.0,
              39.5
            ],
            [
              61.0,
              39.5
            ],
            [
              60.0,
              39.5
            ],
            [
              59.0,
              39.5
            ],
            [
              58.0,
              39.5
            ],
            [
              57.0,
              39.5
            ],
            [
              56.5,
              39.0
            ],
            [
              56.0,
              38.5
            ],
            [
              55.0,
              38.5
            ],
            [
              54.5,
              38.0
            ],
            [
              54.5,
              37.0
            ],
            [
              54.0,
              36.5
            ],
            [
              53.5,
              36.0
            ],
            [
              53.5,
              35.0
            ],
            [
              53.0,
              34.5
            ],
            [
              52.5,
              34.0
            ],
            [
              52.5,
              33.0
            ],
            [
              52.0,
              32.5
            ],
            [
              51.5,
              32.0
            ],
            [
              51.5,
              31.0
            ],
            [
              51.0,
              30.5
            ],
            [
              50.5,
              30.0
            ],
            [
              50.5,
              29.0
            ],
            [
              50.5,
              28.0
            ],
            [
              50.5,
              27.0
            ],
            [
              50.5,
              26.0
            ],
            [
              51.0,
              25.5
            ],
            [
              51.5,
              25.0
            ],
            [
              51.5,
              24.0
            ],
            [
              51.5,
              23.0
            ],
            [
              52.0,
              22.5
            ],
            [
              52.5,
              22.0
            ],
            [
              52.5,
              21.0
            ],
            [
              52.5,
              20.0
            ],
            [
              53.0,
              19.5
            ],
            [
              53.5,
              19.0
            ],
            [
              54.0,
              18.5
            ],
            [
              54.5,
              18.0
            ],
            [
              55.0,
              17.5
            ],
            [
              55.5,
              17.0
            ],
            [
              56.0,
              16.5
            ],
            [
              56.5,
              16.0
            ],
            [
              56.5,
              15.0
            ],
            [
              57.0,
              14.5
            ],
            [
              58.0,
              14.5
            ],
            [
              58.5,
              14.0
            ],
            [
              59.0,
              13.5
            ],
            [
              59.5,
              13.0
            ],
            [
              60.0,
              12.5
            ],
            [
              61.0,
              12.5
            ],
            [
              62.0,
              12.5
            ],
            [
              63.0,
              12.5
            ],
            [
              64.0,
              12.5
            ],
            [
              65.0,
              12.5
            ],
            [
              66.0,
              12.5
            ],
            [
              67.0,
              12.5
            ],
            [
              67.5,
              13.0
            ],
            [
              68.0,
              13.5
            ],
            [
              69.0,
              13.5
            ],
            [
              69.5,
              14.0
            ],
            [
              70.0,
              14.5
            ],
            [
              70.5,
              15.0
            ],
            [
              70.5,
              16.0
            ],
            [
              71.0,
              16.5
            ],
            [
              71.5,
              17.0
            ],
            [
              72.0,
              17.5
            ],
            [
              72.5,
              18.0
            ],
            [
              72.5,
              19.0
            ],
            [
              72.5,
              20.0
            ],
            [
              73.0,
              20.5
            ],
            [
              73.5,
              21.0
            ],
            [
              73.5,
              22.0
            ],
            [
              73.5,
              23.0
            ],
            [
              74.0,
              23.5
            ],
            [
              74.5,
              24.0
            ],
            [
              74.5,
              25.0
            ],
            [
              74.5,
              26.0
            ],
            [
              74.5,
              27.0
            ],
            [
              74.5,
              28.0
            ],
            [
              74.5,
              29.0
            ],
            [
              74.0,
              29.5
            ],
            [
              73.5,
              30.0
            ],
            [
              73.5,
              31.0
            ],
            [
              73.0,
              31.5
            ],
            [
              72.5,
              32.0
            ],
            [
              72.5,
              33.0
            ],
            [
              72.0,
              33.5
            ],
            [
              71.5,
              34.0
            ],
            [
              71.0,
              34.5
            ],
            [
              70.5,
              35.0
            ],
            [
              70.0,
              35.5
            ],
            [
              69.5,
              36.0
            ],
            [
              69.0,
              36.5
            ],
            [
              68.5,
              37.0
            ],
            [
              68.0,
              37.5
            ],
            [
              67.5,
              38.0
            ],
            [
              67.0,
              38.5
            ],
            [
              66.0,
              38.5
            ],
            [
              65.5,
              39.0
            ],
            [
              65.0,
              39.5
            ]
          ]
        ]
      },
      "properties": {
        "objectType": "annotation",
        "classification": {
          "name": "Cell Nuclei",
          "color": [
            200,
            0,
            0
          ]
        },
        "isLocked": false
      }
    },
    {
      "type": "Feature",
      "id": "nuclei_2",
      "geometry": {
        "type": "Polygon",
        "coordinates": [
          [
            [
              381.0,
              45.5
            ],
            [
              380.0,
              45.5
            ],
            [
              379.5,
              45.0
            ],
            [
              379.0,
              44.5
            ],
            [
              378.5,
              44.0
            ],
            [
              378.0,
              43.5
            ],
            [
              377.0,
              43.5
            ],
            [
              376.5,
              43.0
            ],
            [
              376.5,
              42.0
            ],
            [
              377.0,
              41.5
            ],
            [
              377.5,
              41.0
            ],
            [
              378.0,
              40.5
            ],
            [
              379.0,
              40.5
            ],
            [
              379.5,
              40.0
            ],
            [
              379.0,
              39.5
            ],
            [
              378.5,
              39.0
            ],
            [
              379.0,
              38.5
            ],
            [
              380.0,
              38.5
            ],
            [
              381.0,
              38.5
            ],
            [
              381.5,
              39.0
            ],
            [
              382.0,
              39.5
            ],
            [
              382.5,
              40.0
            ],
            [
              382.5,
              41.0
            ],
            [
              382.5,
              42.0
            ],
            [
              382.0,
              42.5
            ],
            [
              381.5,
              43.0
            ],
            [
              381.5,
              44.0
            ],
            [
              381.5,
              45.0
            ],
            [
              381.0,
              45.5
            ]
          ]
        ]
      },
      "properties": {
        "objectType": "annotation",
        "classification": {
          "name": "Cell Nuclei",
          "color": [
            200,
            0,
            0
          ]
        },
        "isLocked": false
      }
    },
    {
      "type": "Feature",
      "id": "nuclei_3",
      "geometry": {
        "type": "Polygon",
        "coordinates": [
          [
            [
              124.0,
              66.5
            ],
            [
              123.0,
              66.5
            ],
            [
              122.5,
              66.0
            ],
            [
              122.0,
              65.5
            ],
            [
              121.0,
              65.5
            ],
            [
              120.5,
              65.0
            ],
            [
              120.0,
              64.5
            ],
            [
              119.0,
              64.5
            ],
            [
              118.5,
              64.0
            ],
            [
              118.0,
              63.5
            ],
            [
              117.0,
              63.5
            ],
            [
              116.5,
              63.0
            ],
            [
              116.0,
              62.5
            ],
            [
              115.5,
              62.0
            ],
            [
              115.0,
              61.5
            ],
            [
              114.5,
              61.0
            ],
            [
              114.0,
              60.5
            ],
            [
              113.5,
              60.0
            ],
            [
              113.0,
              59.5
            ],
            [
              112.5,
              59.0
            ],
            [
              112.5,
              58.0
            ],
            [
              112.5,
              57.0
            ],
            [
              112.0,
              56.5
            ],
            [
              111.5,
              56.0
            ],
            [
              111.5,
              55.0
            ],
            [
              111.5,
              54.0
            ],
            [
              111.5,
              53.0
            ],
            [
              112.0,
              52.5
            ],
            [
              112.5,
              52.0
            ],
            [
              112.5,
              51.0
            ],
            [
              112.5,
              50.0
            ],
            [
              113.0,
              49.5
            ],
            [
              113.5,
              49.0
            ],
            [
              114.0,
              48.5
            ],
            [
              114.5,
              48.0
            ],
            [
              115.0,
              47.5
            ],
            [
              116.0,
              47.5
            ],
            [
              116.5,
              47.0
            ],
            [
              117.0,
              46.5
            ],
            [
              118.0,
              46.5
            ],
            [
              119.0,
              46.5
            ],
            [
              120.0,
              46.5
            ],
            [
              120.5,
              47.0
            ],
            [
              121.0,
              47.5
            ],
            [
              122.0,
              47.5
            ],
            [
              123.0,
              47.5
            ],
            [
              124.0,
              47.5
            ],
            [
              124.5,
              48.0
            ],
            [
              125.0,
              48.5
            ],
            [
              125.5,
              49.0
            ],
            [
              126.0,
              49.5
            ],
            [
              126.5,
              50.0
            ],
            [
              127.0,
              50.5
            ],
            [
              128.0,
              50.5
            ],
            [
              128.5,
              51.0
            ],
            [
              128.5,
              52.0
            ],
            [
              128.5,
              53.0
            ],
            [
              129.0,
              53.5
            ],
            [
              129.5,
              54.0
            ],
            [
              129.5,
              55.0
            ],
            [
              130.0,
              55.5
            ],
            [
              130.5,
              56.0
            ],
            [
              130.5,
              57.0
            ],
            [
              130.5,
              58.0
            ],
            [
              130.5,
              59.0
            ],
            [
              130.0,
              59.5
            ],
            [
              129.5,
              60.0
            ],
            [
              129.5,
              61.0
            ],
            [
              129.5,
              62.0
            ],
            [
              129.0,
              62.5
            ],
            [
              128.0,
              62.5
            ],
            [
              127.5,
              63.0
            ],
            [
              127.5,
              64.0
            ],
            [
              127.5,
              65.0
            ],
            [
              127.0,
              65.5
            ],
            [
              126.0,
              65.5
            ],
            [
              125.0,
              65.5
            ],
            [
              124.5,
              66.0
            ],
            [
              124.0,
              66.5
            ]
          ]
        ]
      },
      "properties": {
        "objectType": "annotation",
        "classification": {
          "name": "Cell Nuclei",
          "color": [
            200,
            0,
            0
          ]
        },
        "isLocked": false
      }
    },
    {
      "type": "Feature",
      "id": "nuclei_4",
      "geometry": {
        "type": "Polygon",
        "coordinates": [
          [
            [
              49.0,
              71.5
            ],
            [
              48.0,
              71.5
            ],
            [
              47.0,
              71.5
            ],
            [
              46.0,
              71.5
            ],
            [
              45.0,
              71.5
            ],
            [
              44.0,
              71.5
            ],
            [
              43.0,
              71.5
            ],
            [
              42.0,
              71.5
            ],
            [
              41.5,
              71.0
            ],
            [
              41.0,
              70.5
            ],
            [
              40.0,
              70.5
            ],
            [
              39.0,
              70.5
            ],
            [
              38.5,
              70.0
            ],
            [
              38.0,
              69.5
            ],
            [
              37.5,
              69.0
            ],
            [
              37.0,
              68.5
            ],
            [
              36.5,
              68.0
            ],
            [
              36.5,
              67.0
            ],
            [
              36.0,
              66.5
            ],
            [
              35.5,
              66.0
            ],
            [
              35.0,
              65.5
            ],
            [
              34.5,
              65.0
            ],
            [
              34.5,
              64.0
            ],
            [
              34.5,
              63.0
            ],
            [
              34.0,
              62.5
            ],
            [
              33.5,
              62.0
            ],
            [
              33.5,
              61.0
            ],
            [
              33.5,
              60.0
            ],
            [
              33.5,
              59.0
            ],
            [
              34.0,
              58.5
            ],
            [
              34.5,
              58.0
            ],
            [
              34.5,
              57.0
            ],
            [
              34.5,
              56.0
            ],
            [
              35.0,
              55.5
            ],
            [
              35.5,
              55.0
            ],
            [
              36.0,
              54.5
            ],
            [
              36.5,
              54.0
            ],
            [
              37.0,
              53.5
            ],
            [
              37.5,
              53.0
            ],
            [
              37.5,
              52.0
            ],
            [
              38.0,
              51.5
            ],
            [
              38.5,
              51.0
            ],
            [
              39.0,
              50.5
            ],
            [
              40.0,
              50.5
            ],
            [
              40.5,
              50.0
            ],
            [
              41.0,
              49.5
            ],
            [
              41.5,
              49.0
            ],
            [
              42.0,
              48.5
            ],
            [
              42.5,
              48.0
            ],
            [
              43.0,
              47.5
            ],
            [
              44.0,
              47.5
            ],
            [
              45.0,
              47.5
            ],
            [
              46.0,
              47.5
            ],
            [
              47.0,
              47.5
            ],
            [
              48.0,
              47.5
            ],
            [
              49.0,
              47.5
            ],
            [
              50.0,
              47.5
            ],
            [
              50.5,
              48.0
            ],
            [
              51.0,
              48.5
            ],
            [
              52.0,
              48.5
            ],
            [
              52.5,
              49.0
            ],
            [
              53.0,
              49.5
            ],
            [
              53.5,
              50.0
            ],
            [
              54.0,
              50.5
            ],
            [
              55.0,
              50.5
            ],
            [
              55.5,
              51.0
            ],
            [
              55.5,
              52.0
            ],
            [
              56.0,
              52.5
            ],
            [
              56.5,
              53.0
            ],
            [
              56.5,
              54.0
            ],
            [
              56.5,
              55.0
            ],
            [
              57.0,
              55.5
            ],
            [
              57.5,
              56.0
            ],
            [
              57.5,
              57.0
            ],
            [
              58.0,
              57.5
            ],
            [
              58.5,
              58.0
            ],
            [
              58.5,
              59.0
            ],
            [
              58.5,
              60.0
            ],
            [
              58.5,
              61.0
            ],
            [
              58.5,
              62.0
            ],
            [
              58.5,
              63.0
            ],
            [
              58.0,
              63.5
            ],
            [
              57.5,
              64.0
            ],
            [
              57.5,
              65.0
            ],
            [
              57.5,
              66.0
            ],
            [
              57.0,
              66.5
            ],
            [
              56.5,
              67.0
            ],
            [
              56.5,
              68.0
            ],
            [
              56.0,
              68.5
            ],
            [
              55.5,
              69.0
            ],
            [
              55.0,
              69.5
            ],
            [
              54.0,
              69.5
            ],
            [
              53.5,
              70.0
            ],
            [
              53.0,
              70.5
            ],
            [
              52.0,
              70.5
            ],
            [
              51.0,
              70.5
            ],
            [
              50.0,
              70.5
            ],
            [
              49.5,
              71.0
            ],
            [
              49.0,
              71.5
            ]
          ]
        ]
      },
      "properties": {
        "objectType": "annotation",
        "classification": {
          "name": "Cell Nuclei",
          "color": [
            200,
            0,
            0
          ]
        },
        "isLocked": false
      }
    },
    {
      "type": "Feature",
      "id": "nuclei_5",
      "geometry": {
        "type": "Polygon",
        "coordinates": [
          [
            [
              111.0,
              88.5
            ],
            [
              110.0,
              88.5
            ],
            [
              109.0,
              88.5
            ],
            [
              108.5,
              88.0
            ],
            [
              108.0,
              87.5
            ],
            [
              107.0,
              87.5
            ],
            [
              106.0,
              87.5
            ],
            [
              105.5,
              87.0
            ],
            [
              105.0,
              86.5
            ],
            [
              104.5,
              86.0
            ],
            [
              104.0,
              85.5
            ],
            [
              103.5,
              85.0
            ],
            [
              103.0,
              84.5
            ],
            [
              102.5,
              84.0
            ],
            [
              102.5,
              83.0
            ],
            [
              102.0,
              82.5
            ],
            [
              101.5,
              82.0
            ],
            [
              101.5,
              81.0
            ],
            [
              101.5,
              80.0
            ],
            [
              101.0,
              79.5
            ],
            [
              100.5,
              79.0
            ],
            [
              100.5,
              78.0
            ],
            [
              100.5,
              77.0
            ],
            [
              100.5,
              76.0
            ],
            [
              100.5,
              75.0
            ],
            [
              101.0,
              74.5
            ],
            [
              101.5,
              74.0
            ],
            [
              101.5,
              73.0
            ],
            [
              102.0,
              72.5
            ],
            [
              102.5,
              72.0
            ],
            [
              103.0,
              71.5
            ],
            [
              103.5,
              71.0
            ],
            [
              103.5,
              70.0
            ],
            [
              104.0,
              69.5
            ],
            [
              105.0,
              69.5
            ],
            [
              105.5,
              69.0
            ],
            [
              106.0,
              68.5
            ],
            [
              107.0,
              68.5
            ],
            [
              108.0,
              68.5
            ],
            [
              108.5,
              68.0
            ],
            [
              109.0,
              67.5
            ],
            [
              110.0,
              67.5
            ],
            [
              111.0,
              67.5
            ],
            [
              111.5,
              68.0
            ],
            [
              112.0,
              68.5
            ],
            [
              113.0,
              68.5
            ],
            [
              114.0,
              68.5
            ],
            [
              115.0,
              68.5
            ],
            [
              115.5,
              69.0
            ],
            [
              116.0,
              69.5
            ],
            [
              116.5,
              70.0
            ],
            [
              117.0,
              70.5
            ],
            [
              117.5,
              71.0
            ],
            [
              118.0,
              71.5
            ],
            [
              118.5,
              72.0
            ],
            [
              119.0,
              72.5
            ],
            [
              119.5,
              73.0
            ],
            [
              119.5,
              74.0
            ],
            [
              119.5,
              75.0
            ],
            [
              120.0,
              75.5
            ],
            [
              120.5,
              76.0
            ],
            [
              120.5,
              77.0
            ],
            [
              120.5,
              78.0
            ],
            [
              120.5,
              79.0
            ],
            [
              120.0,
              79.5
            ],
            [
              119.5,
              80.0
            ],
            [
              119.5,
              81.0
            ],
            [
              119.5,
              82.0
            ],
            [
              119.5,
              83.0
            ],
            [
              119.0,
              83.5
            ],
            [
              118.5,
              84.0
            ],
            [
              118.0,
              84.5
            ],
            [
              117.5,
              85.0
            ],
            [
              117.0,
              85.5
            ],
            [
              116.5,
              86.0
            ],
            [
              116.0,
              86.5
            ],
            [
              115.5,
              87.0
            ],
            [
              115.0,
              87.5
            ],
            [
              114.0,
              87.5
            ],
            [
              113.0,
              87.5
            ],
            [
              112.0,
              87.5
            ],
            [
              111.5,
              88.0
            ],
            [
              111.0,
              88.5
            ]
          ]
        ]
      },
      "properties": {
        "objectType": "annotation",
        "classification": {
          "name": "Cell Nuclei",
          "color": [
            200,
            0,
            0
          ]
        },
        "isLocked": false
      }
    },
    {
      "type": "Feature",
      "id": "nuclei_6",
      "geometry": {
        "type": "Polygon",
        "coordinates": [
          [
            [
              342.0,
              117.5
            ],
            [
              341.0,
              117.5
            ],
            [
              340.5,
              117.0
            ],
            [
              340.0,
              116.5
            ],
            [
              339.0,
              116.5
            ],
            [
              338.5,
              116.0
            ],
            [
              338.0,
              115.5
            ],
            [
              337.0,
              115.5
            ],
            [
              336.5,
              115.0
            ],
            [
              336.0,
              114.5
            ],
            [
              335.5,
              114.0
            ],
            [
              335.0,
              113.5
            ],
            [
              334.0,
              113.5
            ],
            [
              333.5,
              113.0
            ],
            [
              333.0,
              112.5
            ],
            [
              332.5,
              112.0
            ],
            [
              332.0,
              111.5
            ],
            [
              331.5,
              111.0
            ],
            [
              331.0,
              110.5
            ],
            [
              330.0,
              110.5
            ],
            [
              329.5,
              110.0
            ],
            [
              329.0,
              109.5
            ],
            [
              328.5,
              109.0
            ],
            [
              328.0,
              108.5
            ],
            [
              327.5,
              108.0
            ],
            [
              327.5,
              107.0
            ],
            [
              327.5,
              106.0
            ],
            [
              328.0,
              105.5
            ],
            [
              328.5,
              105.0
            ],
            [
              329.0,
              104.5
            ],
            [
              329.5,
              104.0
            ],
            [
              330.0,
              103.5
            ],
            [
              330.5,
              103.0
            ],
            [
              331.0,
              102.5
            ],
            [
              331.5,
              102.0
            ],
            [
              332.0,
              101.5
            ],
            [
              332.5,
              101.0
            ],
            [
              333.0,
              100.5
            ],
            [
              333.5,
              100.0
            ],
            [
              334.0,
              99.5
            ],
            [
              335.0,
              99.5
            ],
            [
              335.5,
              99.0
            ],
            [
              336.0,
              98.5
            ],
            [
              337.0,
              98.5
            ],
            [
              337.5,
              98.0
            ],
            [
              338.0,
              97.5
            ],
            [
              339.0,
              97.5
            ],
            [
              339.5,
              97.0
            ],
            [
              340.0,
              96.5
            ],
            [
              341.0,
              96.5
            ],
            [
              342.0,
              96.5
            ],
            [
              343.0,
              96.5
            ],
            [
              344.0,
              96.5
            ],
            [
              344.5,
              97.0
            ],
            [
              345.0,
              97.5
            ],
            [
              345.5,
              98.0
            ],
            [
              345.5,
              99.0
            ],
            [
              345.5,
              100.0
            ],
            [
              345.0,
              100.5
            ],
            [
              344.5,
              101.0
            ],
            [
              344.5,
              102.0
            ],
            [
              344.5,
              103.0
            ],
            [
              344.5,
              104.0
            ],
            [
              344.5,
              105.0
            ],
            [
              344.5,
              106.0
            ],
            [
              344.5,
              107.0
            ],
            [
              344.5,
              108.0
            ],
            [
              344.5,
              109.0
            ],
            [
              344.5,
              110.0
            ],
            [
              344.5,
              111.0
            ],
            [
              344.5,
              112.0
            ],
            [
              344.5,
              113.0
            ],
            [
              344.5,
              114.0
            ],
            [
              344.5,
              115.0
            ],
            [
              344.0,
              115.5
            ],
            [
              343.5,
              116.0
            ],
            [
              343.0,
              116.5
            ],
            [
              342.5,
              117.0
            ],
            [
              342.0,
              117.5
            ]
          ]
        ]
      },
      "properties": {
        "objectType": "annotation",
        "classification": {
          "name": "Cell Nuclei",
          "color": [
            200,
            0,
            0
          ]
        },
        "isLocked": false
      }
    },
    {
      "type": "Feature",
      "id": "nuclei_7",
      "geometry": {
        "type": "Polygon",
        "coordinates": [
          [
            [
              503.0,
              143.5
            ],
            [
              502.0,
              143.5
            ],
            [
              501.0,
              143.5
            ],
            [
              500.0,
              143.5
            ],
            [
              499.0,
              143.5
            ],
            [
              498.0,
              143.5
            ],
            [
              497.5,
              143.0
            ],
            [
              497.0,
              142.5
            ],
            [
              496.0,
              142.5
            ],
            [
              495.5,
              142.0
            ],
            [
              495.0,
              141.5
            ],
            [
              494.5,
              141.0
            ],
            [
              494.0,
              140.5
            ],
            [
              493.5,
              140.0
            ],
            [
              493.0,
              139.5
            ],
            [
              492.5,
              139.0
            ],
            [
              492.0,
              138.5
            ],
            [
              491.5,
              138.0
            ],
            [
              491.0,
              137.5
            ],
            [
              490.5,
              137.0
            ],
            [
              490.5,
              136.0
            ],
            [
              490.0,
              135.5
            ],
            [
              489.5,
              135.0
            ],
            [
              489.0,
              134.5
            ],
            [
              488.5,
              134.0
            ],
            [
              488.5,
              133.0
            ],
            [
              488.0,
              132.5
            ],
            [
              487.5,
              132.0
            ],
            [
              487.5,
              131.0
            ],
            [
              487.5,
              130.0
            ],
            [
              487.5,
              129.0
            ],
            [
              487.5,
              128.0
            ],
            [
              487.5,
              127.0
            ],
            [
              487.5,
              126.0
            ],
            [
              487.5,
              125.0
            ],
            [
              487.5,
              124.0
            ],
            [
              487.5,
              123.0
            ],
            [
              488.0,
              122.5
            ],
            [
              488.5,
              122.0
            ],
            [
              488.5,
              121.0
            ],
            [
              489.0,
              120.5
            ],
            [
              489.5,
              120.0
            ],
            [
              489.5,
              119.0
            ],
            [
              490.0,
              118.5
            ],
            [
              490.5,
              118.0
            ],
            [
              491.0,
              117.5
            ],
            [
              491.5,
              117.0
            ],
            [
              491.5,
              116.0
            ],
            [
              492.0,
              115.5
            ],
            [
              493.0,
              115.5
            ],
            [
              493.5,
              115.0
            ],
            [
              494.0,
              114.5
            ],
            [
              494.5,
              114.0
            ],
            [
              495.0,
              113.5
            ],
            [
              496.0,
              113.5
            ],
            [
              496.5,
              113.0
            ],
            [
              497.0,
              112.5
            ],
            [
              498.0,
              112.5
            ],
            [
              499.0,
              112.5
            ],
            [
              500.0,
              112.5
            ],
            [
              501.0,
              112.5
            ],
            [
              502.0,
              112.5
            ],
            [
              503.0,
              112.5
            ],
            [
              503.5,
              113.0
            ],
            [
              504.0,
              113.5
            ],
            [
              505.0,
              113.5
            ],
            [
              506.0,
              113.5
            ],
            [
              506.5,
              114.0
            ],
            [
              507.0,
              114.5
            ],
            [
              507.5,
              115.0
            ],
            [
              508.0,
              115.5
            ],
            [
              508.5,
              116.0
            ],
            [
              508.5,
              117.0
            ],
            [
              509.0,
              117.5
            ],
            [
              509.5,
              118.0
            ],
            [
              509.5,
              119.0
            ],
            [
              509.5,
              120.0
            ],
            [
              509.5,
              121.0
            ],
            [
              509.5,
              122.0
            ],
            [
              510.0,
              122.5
            ],
            [
              510.5,
              123.0
            ],
            [
              510.5,
              124.0
            ],
            [
              510.5,
              125.0
            ],
            [
              510.5,
              126.0
            ],
            [
              510.5,
              127.0
            ],
            [
              510.5,
              128.0
            ],
            [
              510.5,
              129.0
            ],
            [
              510.5,
              130.0
            ],
            [
              510.5,
              131.0
            ],
            [
              510.5,
              132.0
            ],
            [
              510.5,
              133.0
            ],
            [
              510.5,
              134.0
            ],
            [
              510.5,
              135.0
            ],
            [
              510.5,
              136.0
            ],
            [
              510.5,
              137.0
            ],
            [
              510.0,
              137.5
            ],
            [
              509.5,
              138.0
            ],
            [
              509.5,
              139.0
            ],
            [
              509.0,
              139.5
            ],
            [
              508.5,
              140.0
            ],
            [
              508.0,
              140.5
            ],
            [
              507.5,
              141.0
            ],
            [
              507.0,
              141.5
            ],
            [
              506.5,
              142.0
            ],
            [
              506.0,
              142.5
            ],
            [
              505.0,
              142.5
            ],
            [
              504.0,
              142.5
            ],
            [
              503.5,
              143.0
            ],
            [
              503.0,
              143.5
            ]
          ]
        ]
      },
      "properties": {
        "objectType": "annotation",
        "classification": {
          "name": "Cell Nuclei",
          "color": [
            200,
            0,
            0
          ]
        },
        "isLocked": false
      }
    },
    {
      "type": "Feature",
      "id": "nuclei_8",
      "geometry": {
        "type": "Polygon",
        "coordinates": [
          [
            [
              57.0,
              163.5
            ],
            [
              56.0,
              163.5
            ],
            [
              55.5,
              163.0
            ],
            [
              55.5,
              162.0
            ],
            [
              55.5,
              161.0
            ],
            [
              55.5,
              160.0
            ],
            [
              55.5,
              159.0
            ],
            [
              55.5,
              158.0
            ],
            [
              56.0,
              157.5
            ],
            [
              56.5,
              157.0
            ],
            [
              56.5,
              156.0
            ],
            [
              57.0,
              155.5
            ],
            [
              57.5,
              155.0
            ],
            [
              58.0,
              154.5
            ],
            [
              58.5,
              154.0
            ],
            [
              59.0,
              153.5
            ],
            [
              60.0,
              153.5
            ],
            [
              60.5,
              154.0
            ],
            [
              61.0,
              154.5
            ],
            [
              62.0,
              154.5
            ],
            [
              63.0,
              154.5
            ],
            [
              63.5,
              155.0
            ],
            [
              64.0,
              155.5
            ],
            [
              65.0,
              155.5
            ],
            [
              65.5,
              156.0
            ],
            [
              65.5,
              157.0
            ],
            [
              65.5,
              158.0
            ],
            [
              65.0,
              158.5
            ],
            [
              64.5,
              159.0
            ],
            [
              64.0,
              159.5
            ],
            [
              63.5,
              160.0
            ],
            [
              63.0,
              160.5
            ],
            [
              62.0,
              160.5
            ],
            [
              61.5,
              161.0
            ],
            [
              61.0,
              161.5
            ],
            [
              60.0,
              161.5
            ],
            [
              59.5,
              162.0
            ],
            [
              59.0,
              162.5
            ],
            [
              58.0,
              162.5
            ],
            [
              57.5,
              163.0
            ],
            [
              57.0,
              163.5
            ]
          ]
        ]
      },
      "properties": {
        "objectType": "annotation",
        "classification": {
          "name": "Cell Nuclei",
          "color": [
            200,
            0,
            0
          ]
        },
        "isLocked": false
      }
    },
    {
      "type": "Feature",
      "id": "nuclei_9",
      "geometry": {
        "type": "Polygon",
        "coordinates": [
          [
            [
              195.0,
              176.5
            ],
            [
              194.0,
              176.5
            ],
            [
              193.0,
              176.5
            ],
            [
              192.0,
              176.5
            ],
            [
              191.0,
              176.5
            ],
            [
              190.5,
              176.0
            ],
            [
              190.0,
              175.5
            ],
            [
              189.0,
              175.5
            ],
            [
              188.0,
              175.5
            ],
            [
              187.5,
              175.0
            ],
            [
              187.5,
              174.0
            ],
            [
              187.0,
              173.5
            ],
            [
              186.5,
              173.0
            ],
            [
              186.5,
              172.0
            ],
            [
              187.0,
              171.5
            ],
            [
              187.5,
              171.0
            ],
            [
              187.5,
              170.0
            ],
            [
              188.0,
              169.5
            ],
            [
              188.5,
              169.0
            ],
            [
              188.5,
              168.0
            ],
            [
              189.0,
              167.5
            ],
            [
              189.5,
              167.0
            ],
            [
              189.5,
              166.0
            ],
            [
              190.0,
              165.5
            ],
            [
              190.5,
              165.0
            ],
            [
              190.5,
              164.0
            ],
            [
              191.0,
              163.5
            ],
            [
              191.5,
              163.0
            ],
            [
              191.5,
              162.0
            ],
            [
              192.0,
              161.5
            ],
            [
              192.5,
              161.0
            ],
            [
              192.5,
              160.0
            ],
            [
              193.0,
              159.5
            ],
            [
              193.5,
              159.0
            ],
            [
              194.0,
              158.5
            ],
            [
              194.5,
              158.0
            ],
            [
              195.0,
              157.5
            ],
            [
              195.5,
              157.0
            ],
            [
              196.0,
              156.5
            ],
            [
              197.0,
              156.5
            ],
            [
              197.5,
              156.0
            ],
            [
              198.0,
              155.5
            ],
            [
              199.0,
              155.5
            ],
            [
              199.5,
              155.0
            ],
            [
              200.0,
              154.5
            ],
            [
              201.0,
              154.5
            ],
            [
              202.0,
              154.5
            ],
            [
              203.0,
              154.5
            ],
            [
              204.0,
              154.5
            ],
            [
              204.5,
              155.0
            ],
            [
              205.0,
              155.5
            ],
            [
              206.0,
              155.5
            ],
            [
              206.5,
              156.0
            ],
            [
              207.0,
              156.5
            ],
            [
              207.5,
              157.0
            ],
            [
              207.5,
              158.0
            ],
            [
              208.0,
              158.5
            ],
            [
              208.5,
              159.0
            ],
            [
              208.5,
              160.0
            ],
            [
              208.5,
              161.0
            ],
            [
              208.5,
              162.0
            ],
            [
              208.5,
              163.0
            ],
            [
              208.5,
              164.0
            ],
            [
              208.0,
              164.5
            ],
            [
              207.5,
              165.0
            ],
            [
              207.5,
              166.0
            ],
            [
              207.0,
              166.5
            ],
            [
              206.5,
              167.0
            ],
            [
              206.0,
              167.5
            ],
            [
              205.5,
              168.0
            ],
            [
              205.5,
              169.0
            ],
            [
              205.0,
              169.5
            ],
            [
              204.5,
              170.0
            ],
            [
              204.0,
              170.5
            ],
            [
              203.5,
              171.0
            ],
            [
              203.0,
              171.5
            ],
            [
              202.5,
              172.0
            ],
            [
              202.0,
              172.5
            ],
            [
              201.5,
              173.0
            ],
            [
              201.0,
              173.5
            ],
            [
              200.0,
              173.5
            ],
            [
              199.5,
              174.0
            ],
            [
              199.0,
              174.5
            ],
            [
              198.0,
              174.5
            ],
            [
              197.5,
              175.0
            ],
            [
              197.0,
              175.5
            ],
            [
              196.0,
              175.5
            ],
            [
              195.5,
              176.0
            ],
            [
              195.0,
              176.5
            ]
          ]
        ]
      },
      "properties": {
        "objectType": "annotation",
        "classification": {
          "name": "Cell Nuclei",
          "color": [
            200,
            0,
            0
          ]
        },
        "isLocked": false
      }
    },
    {
      "type": "Feature",
      "id": "nuclei_10",
      "geometry": {
        "type": "Polygon",
        "coordinates": [
          [
            [
              343.0,
              171.5
            ],
            [
              342.0,
              171.5
            ],
            [
              341.0,
              171.5
            ],
            [
              340.0,
              171.5
            ],
            [
              339.5,
              171.0
            ],
            [
              339.0,
              170.5
            ],
            [
              338.0,
              170.5
            ],
            [
              337.5,
              170.0
            ],
            [
              337.0,
              169.5
            ],
            [
              336.0,
              169.5
            ],
            [
              335.5,
              169.0
            ],
            [
              335.0,
              168.5
            ],
            [
              334.0,
              168.5
            ],
            [
              333.0,
              168.5
            ],
            [
              332.5,
              168.0
            ],
            [
              332.0,
              167.5
            ],
            [
              331.0,
              167.5
            ],
            [
              330.5,
              167.0
            ],
            [
              330.0,
              166.5
            ],
            [
              329.5,
              166.0
            ],
            [
              329.0,
              165.5
            ],
            [
              328.0,
              165.5
            ],
            [
              327.5,
              165.0
            ],
            [
              327.5,
              164.0
            ],
            [
              327.0,
              163.5
            ],
            [
              326.5,
              163.0
            ],
            [
              326.5,
              162.0
            ],
            [
              327.0,
              161.5
            ],
            [
              327.5,
              161.0
            ],
            [
              327.5,
              160.0
            ],
            [
              328.0,
              159.5
            ],
            [
              329.0,
              159.5
            ],
            [
              329.5,
              159.0
            ],
            [
              330.0,
              158.5
            ],
            [
              330.5,
              158.0
            ],
            [
              331.0,
              157.5
            ],
            [
              332.0,
              157.5
            ],
            [
              333.0,
              157.5
            ],
            [
              333.5,
              157.0
            ],
            [
              334.0,
              156.5
            ],
            [
              335.0,
              156.5
            ],
            [
              336.0,
              156.5
            ],
            [
              337.0,
              156.5
            ],
            [
              338.0,
              156.5
            ],
            [
              338.5,
              157.0
            ],
            [
              339.0,
              157.5
            ],
            [
              340.0,
              157.5
            ],
            [
              341.0,
              157.5
            ],
            [
              342.0,
              157.5
            ],
            [
              343.0,
              157.5
            ],
            [
              343.5,
              158.0
            ],
            [
              344.0,
              158.5
            ],
            [
              345.0,
              158.5
            ],
            [
              346.0,
              158.5
            ],
            [
              347.0,
              158.5
            ],
            [
              348.0,
              158.5
            ],
            [
              349.0,
              158.5
            ],
            [
              349.5,
              159.0
            ],
            [
              350.0,
              159.5
            ],
            [
              351.0,
              159.5
            ],
            [
              351.5,
              160.0
            ],
            [
              352.0,
              160.5
            ],
            [
              353.0,
              160.5
            ],
            [
              353.5,
              161.0
            ],
            [
              353.5,
              162.0
            ],
            [
              354.0,
              162.5
            ],
            [
              354.5,
              163.0
            ],
            [
              354.5,
              164.0
            ],
            [
              354.0,
              164.5
            ],
            [
              353.5,
              165.0
            ],
            [
              353.5,
              166.0
            ],
            [
              353.0,
              166.5
            ],
            [
              352.5,
              167.0
            ],
            [
              352.0,
              167.5
            ],
            [
              351.0,
              167.5
            ],
            [
              350.5,
              168.0
            ],
            [
              350.0,
              168.5
            ],
            [
              349.5,
              169.0
            ],
            [
              349.0,
              169.5
            ],
            [
              348.0,
              169.5
            ],
            [
              347.0,
              169.5
            ],
            [
              346.5,
              170.0
            ],
            [
              346.0,
              170.5
            ],
            [
              345.0,
              170.5
            ],
            [
              344.0,
              170.5
            ],
            [
              343.5,
              171.0
            ],
            [
              343.0,
              171.5
            ]
          ]
        ]
      },
      "properties": {
        "objectType": "annotation",
        "classification": {
          "name": "Cell Nuclei",
          "color": [
            200,
            0,
            0
          ]
        },
        "isLocked": false
      }
    },
    {
      "type": "Feature",
      "id": "nuclei_11",
      "geometry": {
        "type": "Polygon",
        "coordinates": [
          [
            [
              7.0,
              189.5
            ],
            [
              6.0,
              189.5
            ],
            [
              5.5,
              189.0
            ],
            [
              5.0,
              188.5
            ],
            [
              4.0,
              188.5
            ],
            [
              3.5,
              188.0
            ],
            [
              3.0,
              187.5
            ],
            [
              2.5,
              187.0
            ],
            [
              2.5,
              186.0
            ],
            [
              2.5,
              185.0
            ],
            [
              2.0,
              184.5
            ],
            [
              1.5,
              184.0
            ],
            [
              1.5,
              183.0
            ],
            [
              1.5,
              182.0
            ],
            [
              1.5,
              181.0
            ],
            [
              1.5,
              180.0
            ],
            [
              1.5,
              179.0
            ],
            [
              1.5,
              178.0
            ],
            [
              1.5,
              177.0
            ],
            [
              1.5,
              176.0
            ],
            [
              1.5,
              175.0
            ],
            [
              1.5,
              174.0
            ],
            [
              1.5,
              173.0
            ],
            [
              1.5,
              172.0
            ],
            [
              2.0,
              171.5
            ],
            [
              3.0,
              171.5
            ],
            [
              4.0,
              171.5
            ],
            [
              4.5,
              172.0
            ],
            [
              4.5,
              173.0
            ],
            [
              5.0,
              173.5
            ],
            [
              5.5,
              174.0
            ],
            [
              6.0,
              174.5
            ],
            [
              7.0,
              174.5
            ],
            [
              7.5,
              175.0
            ],
            [
              8.0,
              175.5
            ],
            [
              8.5,
              176.0
            ],
            [
              8.5,
              177.0
            ],
            [
              9.0,
              177.5
            ],
            [
              9.5,
              178.0
            ],
            [
              9.5,
              179.0
            ],
            [
              10.0,
              179.5
            ],
            [
              10.5,
              180.0
            ],
            [
              10.0,
              180.5
            ],
            [
              9.5,
              181.0
            ],
            [
              9.5,
              182.0
            ],
            [
              9.5,
              183.0
            ],
            [
              9.0,
              183.5
            ],
            [
              8.5,
              184.0
            ],
            [
              8.5,
              185.0
            ],
            [
              8.5,
              186.0
            ],
            [
              8.0,
              186.5
            ],
            [
              7.5,
              187.0
            ],
            [
              7.5,
              188.0
            ],
            [
              7.5,
              189.0
            ],
            [
              7.0,
              189.5
            ]
          ]
        ]
      },
      "properties": {
        "objectType": "annotation",
        "classification": {
          "name": "Cell Nuclei",
          "color": [
            200,
            0,
            0
          ]
        },
        "isLocked": false
      }
    },
    {
      "type": "Feature",
      "id": "nuclei_12",
      "geometry": {
        "type": "Polygon",
        "coordinates": [
          [
            [
              237.0,
              219.5
            ],
            [
              236.0,
              219.5
            ],
            [
              235.0,
              219.5
            ],
            [
              234.0,
              219.5
            ],
            [
              233.0,
              219.5
            ],
            [
              232.0,
              219.5
            ],
            [
              231.0,
              219.5
            ],
            [
              230.5,
              219.0
            ],
            [
              230.0,
              218.5
            ],
            [
              229.0,
              218.5
            ],
            [
              228.0,
              218.5
            ],
            [
              227.5,
              218.0
            ],
            [
              227.0,
              217.5
            ],
            [
              226.0,
              217.5
            ],
            [
              225.0,
              217.5
            ],
            [
              224.0,
              217.5
            ],
            [
              223.5,
              217.0
            ],
            [
              223.0,
              216.5
            ],
            [
              222.0,
              216.5
            ],
            [
              221.5,
              216.0
            ],
            [
              221.0,
              215.5
            ],
            [
              220.0,
              215.5
            ],
            [
              219.5,
              215.0
            ],
            [
              219.0,
              214.5
            ],
            [
              218.5,
              214.0
            ],
            [
              218.5,
              213.0
            ],
            [
              218.0,
              212.5
            ],
            [
              217.5,
              212.0
            ],
            [
              217.5,
              211.0
            ],
            [
              217.5,
              210.0
            ],
            [
              217.5,
              209.0
            ],
            [
              217.5,
              208.0
            ],
            [
              217.5,
              207.0
            ],
            [
              218.0,
              206.5
            ],
            [
              218.5,
              206.0
            ],
            [
              219.0,
              205.5
            ],
            [
              219.5,
              205.0
            ],
            [
              220.0,
              204.5
            ],
            [
              220.5,
              204.0
            ],
            [
              221.0,
              203.5
            ],
            [
              222.0,
              203.5
            ],
            [
              222.5,
              203.0
            ],
            [
              223.0,
              202.5
            ],
            [
              224.0,
              202.5
            ],
            [
              225.0,
              202.5
            ],
            [
              225.5,
              202.0
            ],
            [
              226.0,
              201.5
            ],
            [
              226.5,
              202.0
            ],
            [
              227.0,
              202.5
            ],
            [
              228.0,
              202.5
            ],
            [
              229.0,
              202.5
            ],
            [
              229.5,
              203.0
            ],
            [
              230.0,
              203.5
            ],
            [
              231.0,
              203.5
            ],
            [
              231.5,
              204.0
            ],
            [
              232.0,
              204.5
            ],
            [
              233.0,
              204.5
            ],
            [
              233.5,
              205.0
            ],
            [
              234.0,
              205.5
            ],
            [
              235.0,
              205.5
            ],
            [
              235.5,
              206.0
            ],
            [
              236.0,
              206.5
            ],
            [
              237.0,
              206.5
            ],
            [
              237.5,
              207.0
            ],
            [
              238.0,
              207.5
            ],
            [
              238.5,
              208.0
            ],
            [
              239.0,
              208.5
            ],
            [
              239.5,
              209.0
            ],
            [
              240.0,
              209.5
            ],
            [
              240.5,
              210.0
            ],
            [
              240.5,
              211.0
            ],
            [
              241.0,
              211.5
            ],
            [
              241.5,
              212.0
            ],
            [
              241.5,
              213.0
            ],
            [
              241.5,
              214.0
            ],
            [
              241.0,
              214.5
            ],
            [
              240.5,
              215.0
            ],
            [
              240.5,
              216.0
            ],
            [
              240.0,
              216.5
            ],
            [
              239.5,
              217.0
            ],
            [
              239.0,
              217.5
            ],
            [
              238.5,
              218.0
            ],
            [
              238.0,
              218.5
            ],
            [
              237.5,
              219.0
            ],
            [
              237.0,
              219.5
            ]
          ]
        ]
      },
      "properties": {
        "objectType": "annotation",
        "classification": {
          "name": "Cell Nuclei",
          "color": [
            200,
            0,
            0
          ]
        },
        "isLocked": false
      }
    },
    {
      "type": "Feature",
      "id": "nuclei_13",
      "geometry": {
        "type": "Polygon",
        "coordinates": [
          [
            [
              402.0,
              213.5
            ],
            [
              401.0,
              213.5
            ],
            [
              400.0,
              213.5
            ],
            [
              399.0,
              213.5
            ],
            [
              398.0,
              213.5
            ],
            [
              397.0,
              213.5
            ],
            [
              396.0,
              213.5
            ],
            [
              395.0,
              213.5
            ],
            [
              394.0,
              213.5
            ],
            [
              393.0,
              213.5
            ],
            [
              392.0,
              213.5
            ],
            [
              391.0,
              213.5
            ],
            [
              390.0,
              213.5
            ],
            [
              389.5,
              213.0
            ],
            [
              389.0,
              212.5
            ],
            [
              388.5,
              212.0
            ],
            [
              388.5,
              211.0
            ],
            [
              388.5,
              210.0
            ],
            [
              388.5,
              209.0
            ],
            [
              388.5,
              208.0
            ],
            [
              388.5,
              207.0
            ],
            [
              389.0,
              206.5
            ],
            [
              389.5,
              206.0
            ],
            [
              389.5,
              205.0
            ],
            [
              390.0,
              204.5
            ],
            [
              390.5,
              204.0
            ],
            [
              391.0,
              203.5
            ],
            [
              391.5,
              203.0
            ],
            [
              392.0,
              202.5
            ],
            [
              393.0,
              202.5
            ],
            [
              393.5,
              202.0
            ],
            [
              394.0,
              201.5
            ],
            [
              395.0,
              201.5
            ],
            [
              396.0,
              201.5
            ],
            [
              397.0,
              201.5
            ],
            [
              398.0,
              201.5
            ],
            [
              399.0,
              201.5
            ],
            [
              400.0,
              201.5
            ],
            [
              400.5,
              202.0
            ],
            [
              401.0,
              202.5
            ],
            [
              402.0,
              202.5
            ],
            [
              402.5,
              203.0
            ],
            [
              403.0,
              203.5
            ],
            [
              403.5,
              204.0
            ],
            [
              404.0,
              204.5
            ],
            [
              404.5,
              205.0
            ],
            [
              405.0,
              205.5
            ],
            [
              405.5,
              206.0
            ],
            [
              405.5,
              207.0
            ],
            [
              405.5,
              208.0
            ],
            [
              405.5,
              209.0
            ],
            [
              405.5,
              210.0
            ],
            [
              405.5,
              211.0
            ],
            [
              405.0,
              211.5
            ],
            [
              404.5,
              212.0
            ],
            [
              404.0,
              212.5
            ],
            [
              403.0,
              212.5
            ],
            [
              402.5,
              213.0
            ],
            [
              402.0,
              213.5
            ]
          ]
        ]
      },
      "properties": {
        "objectType": "annotation",
        "classification": {
          "name": "Cell Nuclei",
          "color": [
            200,
            0,
            0
          ]
        },
        "isLocked": false
      }
    },
    {
      "type": "Feature",
      "id": "nuclei_14",
      "geometry": {
        "type": "Polygon",
        "coordinates": [
          [
            [
              348.0,
              223.5
            ],
            [
              347.0,
              223.5
            ],
            [
              346.0,
              223.5
            ],
            [
              345.0,
              223.5
            ],
            [
              344.0,
              223.5
            ],
            [
              343.0,
              223.5
            ],
            [
              342.5,
              223.0
            ],
            [
              342.0,
              222.5
            ],
            [
              341.5,
              222.0
            ],
            [
              341.0,
              221.5
            ],
            [
              340.0,
              221.5
            ],
            [
              339.5,
              221.0
            ],
            [
              339.0,
              220.5
            ],
            [
              338.5,
              220.0
            ],
            [
              338.0,
              219.5
            ],
            [
              337.5,
              219.0
            ],
            [
              337.0,
              218.5
            ],
            [
              336.5,
              218.0
            ],
            [
              336.0,
              217.5
            ],
            [
              335.5,
              217.0
            ],
            [
              335.0,
              216.5
            ],
            [
              334.5,
              216.0
            ],
            [
              334.0,
              215.5
            ],
            [
              333.5,
              215.0
            ],
            [
              333.5,
              214.0
            ],
            [
              333.0,
              213.5
            ],
            [
              332.5,
              213.0
            ],
            [
              332.5,
              212.0
            ],
            [
              332.5,
              211.0
            ],
            [
              332.5,
              210.0
            ],
            [
              332.5,
              209.0
            ],
            [
              332.5,
              208.0
            ],
            [
              333.0,
              207.5
            ],
            [
              333.5,
              207.0
            ],
            [
              334.0,
              206.5
            ],
            [
              334.5,
              206.0
            ],
            [
              335.0,
              205.5
            ],
            [
              335.5,
              205.0
            ],
            [
              336.0,
              204.5
            ],
            [
              337.0,
              204.5
            ],
            [
              337.5,
              204.0
            ],
            [
              338.0,
              203.5
            ],
            [
              339.0,
              203.5
            ],
            [
              340.0,
              203.5
            ],
            [
              341.0,
              203.5
            ],
            [
              342.0,
              203.5
            ],
            [
              342.5,
              204.0
            ],
            [
              343.0,
              204.5
            ],
            [
              344.0,
              204.5
            ],
            [
              345.0,
              204.5
            ],
            [
              345.5,
              205.0
            ],
            [
              346.0,
              205.5
            ],
            [
              346.5,
              206.0
            ],
            [
              347.0,
              206.5
            ],
            [
              348.0,
              206.5
            ],
            [
              348.5,
              207.0
            ],
            [
              349.0,
              207.5
            ],
            [
              349.5,
              208.0
            ],
            [
              349.5,
              209.0
            ],
            [
              350.0,
              209.5
            ],
            [
              350.5,
              210.0
            ],
            [
              351.0,
              210.5
            ],
            [
              351.5,
              211.0
            ],
            [
              351.5,
              212.0
            ],
            [
              351.5,
              213.0
            ],
            [
              351.5,
              214.0
            ],
            [
              351.5,
              215.0
            ],
            [
              351.5,
              216.0
            ],
            [
              351.5,
              217.0
            ],
            [
              351.5,
              218.0
            ],
            [
              351.5,
              219.0
            ],
            [
              351.0,
              219.5
            ],
            [
              350.5,
              220.0
            ],
            [
              350.5,
              221.0
            ],
            [
              350.0,
              221.5
            ],
            [
              349.5,
              222.0
            ],
            [
              349.0,
              222.5
            ],
            [
              348.5,
              223.0
            ],
            [
              348.0,
              223.5
            ]
          ]
        ]
      },
      "properties": {
        "objectType": "annotation",
        "classification": {
          "name": "Cell Nuclei",
          "color": [
            200,
            0,
            0
          ]
        },
        "isLocked": false
      }
    },
    {
      "type": "Feature",
      "id": "nuclei_15",
      "geometry": {
        "type": "Polygon",
        "coordinates": [
          [
            [
              100.0,
              226.5
            ],
            [
              99.0,
              226.5
            ],
            [
              98.0,
              226.5
            ],
            [
              97.0,
              226.5
            ],
            [
              96.5,
              226.0
            ],
            [
              96.0,
              225.5
            ],
            [
              95.0,
              225.5
            ],
            [
              94.5,
              225.0
            ],
            [
              94.0,
              224.5
            ],
            [
              93.5,
              224.0
            ],
            [
              93.0,
              223.5
            ],
            [
              92.5,
              223.0
            ],
            [
              92.0,
              222.5
            ],
            [
              91.5,
              222.0
            ],
            [
              91.5,
              221.0
            ],
            [
              91.0,
              220.5
            ],
            [
              90.5,
              220.0
            ],
            [
              90.5,
              219.0
            ],
            [
              90.0,
              218.5
            ],
            [
              89.5,
              218.0
            ],
            [
              89.5,
              217.0
            ],
            [
              89.5,
              216.0
            ],
            [
              89.5,
              215.0
            ],
            [
              89.0,
              214.5
            ],
            [
              88.5,
              214.0
            ],
            [
              89.0,
              213.5
            ],
            [
              89.5,
              213.0
            ],
            [
              89.5,
              212.0
            ],
            [
              89.5,
              211.0
            ],
            [
              90.0,
              210.5
            ],
            [
              90.5,
              210.0
            ],
            [
              91.0,
              209.5
            ],
            [
              91.5,
              209.0
            ],
            [
              92.0,
              208.5
            ],
            [
              92.5,
              208.0
            ],
            [
              93.0,
              207.5
            ],
            [
              94.0,
              207.5
            ],
            [
              94.5,
              207.0
            ],
            [
              95.0,
              206.5
            ],
            [
              96.0,
              206.5
            ],
            [
              97.0,
              206.5
            ],
            [
              98.0,
              206.5
            ],
            [
              99.0,
              206.5
            ],
            [
              99.5,
              207.0
            ],
            [
              100.0,
              207.5
            ],
            [
              101.0,
              207.5
            ],
            [
              101.5,
              208.0
            ],
            [
              102.0,
              208.5
            ],
            [
              103.0,
              208.5
            ],
            [
              103.5,
              209.0
            ],
            [
              104.0,
              209.5
            ],
            [
              104.5,
              210.0
            ],
            [
              104.5,
              211.0
            ],
            [
              105.0,
              211.5
            ],
            [
              105.5,
              212.0
            ],
            [
              106.0,
              212.5
            ],
            [
              106.5,
              213.0
            ],
            [
              106.5,
              214.0
            ],
            [
              106.5,
              215.0
            ],
            [
              106.5,
              216.0
            ],
            [
              106.5,
              217.0
            ],
            [
              106.5,
              218.0
            ],
            [
              106.5,
              219.0
            ],
            [
              106.5,
              220.0
            ],
            [
              106.5,
              221.0
            ],
            [
              106.0,
              221.5
            ],
            [
              105.5,
              222.0
            ],
            [
              105.5,
              223.0
            ],
            [
              105.0,
              223.5
            ],
            [
              104.5,
              224.0
            ],
            [
              104.0,
              224.5
            ],
            [
              103.5,
              225.0
            ],
            [
              103.0,
              225.5
            ],
            [
              102.0,
              225.5
            ],
            [
              101.0,
              225.5
            ],
            [
              100.5,
              226.0
            ],
            [
              100.0,
              226.5
            ]
          ]
        ]
      },
      "properties": {
        "objectType": "annotation",
        "classification": {
          "name": "Cell Nuclei",
          "color": [
            200,
            0,
            0
          ]
        },
        "isLocked": false
      }
    },
    {
      "type": "Feature",
      "id": "nuclei_16",
      "geometry": {
        "type": "Polygon",
        "coordinates": [
          [
            [
              295.0,
              243.5
            ],
            [
              294.0,
              243.5
            ],
            [
              293.0,
              243.5
            ],
            [
              292.0,
              243.5
            ],
            [
              291.5,
              243.0
            ],
            [
              291.0,
              242.5
            ],
            [
              290.0,
              242.5
            ],
            [
              289.5,
              242.0
            ],
            [
              289.0,
              241.5
            ],
            [
              288.0,
              241.5
            ],
            [
              287.5,
              241.0
            ],
            [
              287.0,
              240.5
            ],
            [
              286.5,
              240.0
            ],
            [
              286.0,
              239.5
            ],
            [
              285.5,
              239.0
            ],
            [
              285.5,
              238.0
            ],
            [
              285.5,
              237.0
            ],
            [
              285.5,
              236.0
            ],
            [
              285.5,
              235.0
            ],
            [
              285.5,
              234.0
            ],
            [
              285.0,
              233.5
            ],
            [
              284.5,
              233.0
            ],
            [
              284.5,
              232.0
            ],
            [
              285.0,
              231.5
            ],
            [
              285.5,
              231.0
            ],
            [
              285.5,
              230.0
            ],
            [
              285.0,
              229.5
            ],
            [
              284.5,
              229.0
            ],
            [
              284.5,
              228.0
            ],
            [
              284.5,
              227.0
            ],
            [
              285.0,
              226.5
            ],
            [
              285.5,
              226.0
            ],
            [
              285.5,
              225.0
            ],
            [
              285.5,
              224.0
            ],
            [
              285.5,
              223.0
            ],
            [
              286.0,
              222.5
            ],
            [
              286.5,
              222.0
            ],
            [
              286.5,
              221.0
            ],
            [
              287.0,
              220.5
            ],
            [
              287.5,
              220.0
            ],
            [
              287.5,
              219.0
            ],
            [
              288.0,
              218.5
            ],
            [
              288.5,
              218.0
            ],
            [
              289.0,
              217.5
            ],
            [
              289.5,
              217.0
            ],
            [
              289.5,
              216.0
            ],
            [
              290.0,
              215.5
            ],
            [
              291.0,
              215.5
            ],
            [
              292.0,
              215.5
            ],
            [
              293.0,
              215.5
            ],
            [
              293.5,
              216.0
            ],
            [
              293.5,
              217.0
            ],
            [
              294.0,
              217.5
            ],
            [
              294.5,
              218.0
            ],
            [
              295.0,
              218.5
            ],
            [
              295.5,
              219.0
            ],
            [
              295.5,
              220.0
            ],
            [
              296.0,
              220.5
            ],
            [
              296.5,
              221.0
            ],
            [
              296.5,
              222.0
            ],
            [
              296.5,
              223.0
            ],
            [
              296.5,
              224.0
            ],
            [
              296.5,
              225.0
            ],
            [
              296.5,
              226.0
            ],
            [
              296.5,
              227.0
            ],
            [
              296.5,
              228.0
            ],
            [
              296.5,
              229.0
            ],
            [
              296.5,
              230.0
            ],
            [
              296.5,
              231.0
            ],
            [
              297.0,
              231.5
            ],
            [
              298.0,
              231.5
            ],
            [
              298.5,
              232.0
            ],
            [
              299.0,
              232.5
            ],
            [
              300.0,
              232.5
            ],
            [
              300.5,
              233.0
            ],
            [
              301.0,
              233.5
            ],
            [
              301.5,
              234.0
            ],
            [
              302.0,
              234.5
            ],
            [
              302.5,
              235.0
            ],
            [
              302.5,
              236.0
            ],
            [
              302.5,
              237.0
            ],
            [
              302.0,
              237.5
            ],
            [
              301.5,
              238.0
            ],
            [
              301.5,
              239.0
            ],
            [
              301.0,
              239.5
            ],
            [
              300.5,
              240.0
            ],
            [
              300.0,
              240.5
            ],
            [
              299.5,
              241.0
            ],
            [
              299.0,
              241.5
            ],
            [
              298.0,
              241.5
            ],
            [
              297.5,
              242.0
            ],
            [
              297.0,
              242.5
            ],
            [
              296.0,
              242.5
            ],
            [
              295.5,
              243.0
            ],
            [
              295.0,
              243.5
            ]
          ]
        ]
      },
      "properties": {
        "objectType": "annotation",
        "classification": {
          "name": "Cell Nuclei",
          "color": [
            200,
            0,
            0
          ]
        },
        "isLocked": false
      }
    },
    {
      "type": "Feature",
      "id": "nuclei_17",
      "geometry": {
        "type": "Polygon",
        "coordinates": [
          [
            [
              400.0,
              231.5
            ],
            [
              399.0,
              231.5
            ],
            [
              398.0,
              231.5
            ],
            [
              397.0,
              231.5
            ],
            [
              396.0,
              231.5
            ],
            [
              395.0,
              231.5
            ],
            [
              394.0,
              231.5
            ],
            [
              393.0,
              231.5
            ],
            [
              392.0,
              231.5
            ],
            [
              391.0,
              231.5
            ],
            [
              390.5,
              231.0
            ],
            [
              390.0,
              230.5
            ],
            [
              389.5,
              230.0
            ],
            [
              389.0,
              229.5
            ],
            [
              388.5,
              229.0
            ],
            [
              388.5,
              228.0
            ],
            [
              388.5,
              227.0
            ],
            [
              388.5,
              226.0
            ],
            [
              388.5,
              225.0
            ],
            [
              388.5,
              224.0
            ],
            [
              388.5,
              223.0
            ],
            [
              388.5,
              222.0
            ],
            [
              388.5,
              221.0
            ],
            [
              389.0,
              220.5
            ],
            [
              389.5,
              220.0
            ],
            [
              390.0,
              219.5
            ],
            [
              391.0,
              219.5
            ],
            [
              391.5,
              219.0
            ],
            [
              392.0,
              218.5
            ],
            [
              393.0,
              218.5
            ],
            [
              394.0,
              218.5
            ],
            [
              394.5,
              219.0
            ],
            [
              395.0,
              219.5
            ],
            [
              396.0,
              219.5
            ],
            [
              396.5,
              220.0
            ],
            [
              397.0,
              220.5
            ],
            [
              397.5,
              221.0
            ],
            [
              398.0,
              221.5
            ],
            [
              399.0,
              221.5
            ],
            [
              399.5,
              222.0
            ],
            [
              400.0,
              222.5
            ],
            [
              401.0,
              222.5
            ],
            [
              401.5,
              223.0
            ],
            [
              401.5,
              224.0
            ],
            [
              402.0,
              224.5
            ],
            [
              402.5,
              225.0
            ],
            [
              402.5,
              226.0
            ],
            [
              402.5,
              227.0
            ],
            [
              402.5,
              228.0
            ],
            [
              402.5,
              229.0
            ],
            [
              402.0,
              229.5
            ],
            [
              401.5,
              230.0
            ],
            [
              401.0,
              230.5
            ],
            [
              400.5,
              231.0
            ],
            [
              400.0,
              231.5
            ]
          ]
        ]
      },
      "properties": {
        "objectType": "annotation",
        "classification": {
          "name": "Cell Nuclei",
          "color": [
            200,
            0,
            0
          ]
        },
        "isLocked": false
      }
    },
    {
      "type": "Feature",
      "id": "nuclei_18",
      "geometry": {
        "type": "Polygon",
        "coordinates": [
          [
            [
              420.0,
              241.5
            ],
            [
              419.0,
              241.5
            ],
            [
              418.0,
              241.5
            ],
            [
              417.0,
              241.5
            ],
            [
              416.0,
              241.5
            ],
            [
              415.0,
              241.5
            ],
            [
              414.0,
              241.5
            ],
            [
              413.5,
              241.0
            ],
            [
              413.0,
              240.5
            ],
            [
              412.5,
              240.0
            ],
            [
              412.0,
              239.5
            ],
            [
              411.5,
              239.0
            ],
            [
              411.0,
              238.5
            ],
            [
              410.5,
              238.0
            ],
            [
              410.5,
              237.0
            ],
            [
              410.5,
              236.0
            ],
            [
              410.5,
              235.0
            ],
            [
              410.5,
              234.0
            ],
            [
              411.0,
              233.5
            ],
            [
              411.5,
              233.0
            ],
            [
              411.5,
              232.0
            ],
            [
              412.0,
              231.5
            ],
            [
              412.5,
              231.0
            ],
            [
              412.5,
              230.0
            ],
            [
              413.0,
              229.5
            ],
            [
              413.5,
              229.0
            ],
            [
              413.5,
              228.0
            ],
            [
              414.0,
              227.5
            ],
            [
              414.5,
              227.0
            ],
            [
              414.5,
              226.0
            ],
            [
              415.0,
              225.5
            ],
            [
              415.5,
              225.0
            ],
            [
              415.5,
              224.0
            ],
            [
              416.0,
              223.5
            ],
            [
              416.5,
              223.0
            ],
            [
              417.0,
              222.5
            ],
            [
              417.5,
              222.0
            ],
            [
              418.0,
              221.5
            ],
            [
              419.0,
              221.5
            ],
            [
              419.5,
              221.0
            ],
            [
              420.0,
              220.5
            ],
            [
              421.0,
              220.5
            ],
            [
              422.0,
              220.5
            ],
            [
              422.5,
              221.0
            ],
            [
              423.0,
              221.5
            ],
            [
              423.5,
              222.0
            ],
            [
              424.0,
              222.5
            ],
            [
              424.5,
              223.0
            ],
            [
              424.5,
              224.0
            ],
            [
              424.5,
              225.0
            ],
            [
              424.5,
              226.0
            ],
            [
              424.5,
              227.0
            ],
            [
              424.5,
              228.0
            ],
            [
              424.5,
              229.0
            ],
            [
              424.5,
              230.0
            ],
            [
              424.5,
              231.0
            ],
            [
              424.5,
              232.0
            ],
            [
              424.5,
              233.0
            ],
            [
              424.5,
              234.0
            ],
            [
              424.5,
              235.0
            ],
            [
              424.5,
              236.0
            ],
            [
              424.0,
              236.5
            ],
            [
              423.5,
              237.0
            ],
            [
              423.5,
              238.0
            ],
            [
              423.0,
              238.5
            ],
            [
              422.5,
              239.0
            ],
            [
              422.0,
              239.5
            ],
            [
              421.5,
              240.0
            ],
            [
              421.0,
              240.5
            ],
            [
              420.5,
              241.0
            ],
            [
              420.0,
              241.5
            ]
          ]
        ]
      },
      "properties": {
        "objectType": "annotation",
        "classification": {
          "name": "Cell Nuclei",
          "color": [
            200,
            0,
            0
          ]
        },
        "isLocked": false
      }
    },
    {
      "type": "Feature",
      "id": "nuclei_19",
      "geometry": {
        "type": "Polygon",
        "coordinates": [
          [
            [
              228.0,
              248.5
            ],
            [
              227.0,
              248.5
            ],
            [
              226.0,
              248.5
            ],
            [
              225.0,
              248.5
            ],
            [
              224.0,
              248.5
            ],
            [
              223.0,
              248.5
            ],
            [
              222.0,
              248.5
            ],
            [
              221.5,
              248.0
            ],
            [
              221.0,
              247.5
            ],
            [
              220.0,
              247.5
            ],
            [
              219.5,
              247.0
            ],
            [
              219.0,
              246.5
            ],
            [
              218.5,
              246.0
            ],
            [
              218.0,
              245.5
            ],
            [
              217.5,
              245.0
            ],
            [
              217.0,
              244.5
            ],
            [
              216.5,
              244.0
            ],
            [
              216.0,
              243.5
            ],
            [
              215.5,
              243.0
            ],
            [
              215.0,
              242.5
            ],
            [
              214.5,
              242.0
            ],
            [
              214.5,
              241.0
            ],
            [
              214.0,
              240.5
            ],
            [
              213.5,
              240.0
            ],
            [
              213.5,
              239.0
            ],
            [
              213.0,
              238.5
            ],
            [
              212.5,
              238.0
            ],
            [
              212.5,
              237.0
            ],
            [
              212.5,
              236.0
            ],
            [
              212.0,
              235.5
            ],
            [
              211.5,
              235.0
            ],
            [
              211.5,
              234.0
            ],
            [
              212.0,
              233.5
            ],
            [
              212.5,
              233.0
            ],
            [
              212.5,
              232.0
            ],
            [
              213.0,
              231.5
            ],
            [
              214.0,
              231.5
            ],
            [
              214.5,
              231.0
            ],
            [
              215.0,
              230.5
            ],
            [
              216.0,
              230.5
            ],
            [
              216.5,
              230.0
            ],
            [
              217.0,
              229.5
            ],
            [
              218.0,
              229.5
            ],
            [
              219.0,
              229.5
            ],
            [
              220.0,
              229.5
            ],
            [
              221.0,
              229.5
            ],
            [
              221.5,
              230.0
            ],
            [
              222.0,
              230.5
            ],
            [
              223.0,
              230.5
            ],
            [
              224.0,
              230.5
            ],
            [
              225.0,
              230.5
            ],
            [
              225.5,
              231.0
            ],
            [
              226.0,
              231.5
            ],
            [
              227.0,
              231.5
            ],
            [
              227.5,
              232.0
            ],
            [
              228.0,
              232.5
            ],
            [
              228.5,
              233.0
            ],
            [
              229.0,
              233.5
            ],
            [
              229.5,
              234.0
            ],
            [
              230.0,
              234.5
            ],
            [
              230.5,
              235.0
            ],
            [
              230.5,
              236.0
            ],
            [
              231.0,
              236.5
            ],
            [
              231.5,
              237.0
            ],
            [
              231.5,
              238.0
            ],
            [
              231.5,
              239.0
            ],
            [
              231.5,
              240.0
            ],
            [
              231.5,
              241.0
            ],
            [
              231.5,
              242.0
            ],
            [
              231.5,
              243.0
            ],
            [
              231.5,
              244.0
            ],
            [
              231.5,
              245.0
            ],
            [
              231.0,
              245.5
            ],
            [
              230.5,
              246.0
            ],
            [
              230.5,
              247.0
            ],
            [
              230.0,
              247.5
            ],
            [
              229.0,
              247.5
            ],
            [
              228.5,
              248.0
            ],
            [
              228.0,
              248.5
            ]
          ]
        ]
      },
      "properties": {
        "objectType": "annotation",
        "classification": {
          "name": "Cell Nuclei",
          "color": [
            200,
            0,
            0
          ]
        },
        "isLocked": false
      }
    },
    {
      "type": "Feature",
      "id": "nuclei_20",
      "geometry": {
        "type": "Polygon",
        "coordinates": [
          [
            [
              118.0,
              272.5
            ],
            [
              117.0,
              272.5
            ],
            [
              116.0,
              272.5
            ],
            [
              115.5,
              272.0
            ],
            [
              115.0,
              271.5
            ],
            [
              114.0,
              271.5
            ],
            [
              113.0,
              271.5
            ],
            [
              112.0,
              271.5
            ],
            [
              111.5,
              271.0
            ],
            [
              111.0,
              270.5
            ],
            [
              110.0,
              270.5
            ],
            [
              109.5,
              270.0
            ],
            [
              109.0,
              269.5
            ],
            [
              108.5,
              269.0
            ],
            [
              108.0,
              268.5
            ],
            [
              107.5,
              268.0
            ],
            [
              107.0,
              267.5
            ],
            [
              106.5,
              267.0
            ],
            [
              106.5,
              266.0
            ],
            [
              106.0,
              265.5
            ],
            [
              105.5,
              265.0
            ],
            [
              105.5,
              264.0
            ],
            [
              105.0,
              263.5
            ],
            [
              104.5,
              263.0
            ],
            [
              104.5,
              262.0
            ],
            [
              104.5,
              261.0
            ],
            [
              104.0,
              260.5
            ],
            [
              103.5,
              260.0
            ],
            [
              103.5,
              259.0
            ],
            [
              103.5,
              258.0
            ],
            [
              103.5,
              257.0
            ],
            [
              104.0,
              256.5
            ],
            [
              104.5,
              256.0
            ],
            [
              104.5,
              255.0
            ],
            [
              104.5,
              254.0
            ],
            [
              105.0,
              253.5
            ],
            [
              105.5,
              253.0
            ],
            [
              106.0,
              252.5
            ],
            [
              106.5,
              252.0
            ],
            [
              107.0,
              251.5
            ],
            [
              107.5,
              251.0
            ],
            [
              108.0,
              250.5
            ],
            [
              108.5,
              250.0
            ],
            [
              109.0,
              249.5
            ],
            [
              110.0,
              249.5
            ],
            [
              111.0,
              249.5
            ],
            [
              112.0,
              249.5
            ],
            [
              113.0,
              249.5
            ],
            [
              114.0,
              249.5
            ],
            [
              115.0,
              249.5
            ],
            [
              116.0,
              249.5
            ],
            [
              116.5,
              250.0
            ],
            [
              117.0,
              250.5
            ],
            [
              118.0,
              250.5
            ],
            [
              119.0,
              250.5
            ],
            [
              120.0,
              250.5
            ],
            [
              121.0,
              250.5
            ],
            [
              122.0,
              250.5
            ],
            [
              122.5,
              251.0
            ],
            [
              123.0,
              251.5
            ],
            [
              124.0,
              251.5
            ],
            [
              125.0,
              251.5
            ],
            [
              126.0,
              251.5
            ],
            [
              126.5,
              252.0
            ],
            [
              127.0,
              252.5
            ],
            [
              128.0,
              252.5
            ],
            [
              129.0,
              252.5
            ],
            [
              130.0,
              252.5
            ],
            [
              130.5,
              253.0
            ],
            [
              131.0,
              253.5
            ],
            [
              132.0,
              253.5
            ],
            [
              132.5,
              254.0
            ],
            [
              133.0,
              254.5
            ],
            [
              133.5,
              255.0
            ],
            [
              134.0,
              255.5
            ],
            [
              134.5,
              256.0
            ],
            [
              134.5,
              257.0
            ],
            [
              135.0,
              257.5
            ],
            [
              135.5,
              258.0
            ],
            [
              135.5,
              259.0
            ],
            [
              136.0,
              259.5
            ],
            [
              136.5,
              260.0
            ],
            [
              136.5,
              261.0
            ],
            [
              136.5,
              262.0
            ],
            [
              136.5,
              263.0
            ],
            [
              136.5,
              264.0
            ],
            [
              136.0,
              264.5
            ],
            [
              135.5,
              265.0
            ],
            [
              135.5,
              266.0
            ],
            [
              135.0,
              266.5
            ],
            [
              134.5,
              267.0
            ],
            [
              134.0,
              267.5
            ],
            [
              133.0,
              267.5
            ],
            [
              132.5,
              268.0
            ],
            [
              132.0,
              268.5
            ],
            [
              131.0,
              268.5
            ],
            [
              130.5,
              269.0
            ],
            [
              130.0,
              269.5
            ],
            [
              129.0,
              269.5
            ],
            [
              128.5,
              270.0
            ],
            [
              128.0,
              270.5
            ],
            [
              127.0,
              270.5
            ],
            [
              126.0,
              270.5
            ],
            [
              125.5,
              271.0
            ],
            [
              125.0,
              271.5
            ],
            [
              124.0,
              271.5
            ],
            [
              123.0,
              271.5
            ],
            [
              122.0,
              271.5
            ],
            [
              121.0,
              271.5
            ],
            [
              120.0,
              271.5
            ],
            [
              119.0,
              271.5
            ],
            [
              118.5,
              272.0
            ],
            [
              118.0,
              272.5
            ]
          ]
        ]
      },
      "properties": {
        "objectType": "annotation",
        "classification": {
          "name": "Cell Nuclei",
          "color": [
            200,
            0,
            0
          ]
        },
        "isLocked": false
      }
    },
    {
      "type": "Feature",
      "id": "nuclei_21",
      "geometry": {
        "type": "Polygon",
        "coordinates": [
          [
            [
              284.0,
              319.5
            ],
            [
              283.0,
              319.5
            ],
            [
              282.0,
              319.5
            ],
            [
              281.0,
              319.5
            ],
            [
              280.5,
              319.0
            ],
            [
              280.0,
              318.5
            ],
            [
              279.0,
              318.5
            ],
            [
              278.0,
              318.5
            ],
            [
              277.5,
              318.0
            ],
            [
              277.0,
              317.5
            ],
            [
              276.5,
              317.0
            ],
            [
              276.0,
              316.5
            ],
            [
              275.5,
              316.0
            ],
            [
              275.0,
              315.5
            ],
            [
              274.5,
              315.0
            ],
            [
              274.0,
              314.5
            ],
            [
              273.5,
              314.0
            ],
            [
              273.0,
              313.5
            ],
            [
              272.5,
              313.0
            ],
            [
              272.5,
              312.0
            ],
            [
              272.0,
              311.5
            ],
            [
              271.5,
              311.0
            ],
            [
              271.0,
              310.5
            ],
            [
              270.5,
              310.0
            ],
            [
              270.5,
              309.0
            ],
            [
              270.0,
              308.5
            ],
            [
              269.5,
              308.0
            ],
            [
              269.0,
              307.5
            ],
            [
              268.5,
              307.0
            ],
            [
              268.5,
              306.0
            ],
            [
              268.0,
              305.5
            ],
            [
              267.5,
              305.0
            ],
            [
              267.5,
              304.0
            ],
            [
              267.0,
              303.5
            ],
            [
              266.5,
              303.0
            ],
            [
              266.5,
              302.0
            ],
            [
              266.5,
              301.0
            ],
            [
              266.0,
              300.5
            ],
            [
              265.5,
              300.0
            ],
            [
              266.0,
              299.5
            ],
            [
              266.5,
              299.0
            ],
            [
              266.5,
              298.0
            ],
            [
              267.0,
              297.5
            ],
            [
              267.5,
              297.0
            ],
            [
              268.0,
              296.5
            ],
            [
              268.5,
              296.0
            ],
            [
              269.0,
              295.5
            ],
            [
              269.5,
              295.0
            ],
            [
              270.0,
              294.5
            ],
            [
              270.5,
              294.0
            ],
            [
              271.0,
              293.5
            ],
            [
              271.5,
              293.0
            ],
            [
              272.0,
              292.5
            ],
            [
              273.0,
              292.5
            ],
            [
              273.5,
              292.0
            ],
            [
              274.0,
              291.5
            ],
            [
              274.5,
              291.0
            ],
            [
              275.0,
              290.5
            ],
            [
              276.0,
              290.5
            ],
            [
              276.5,
              290.0
            ],
            [
              277.0,
              289.5
            ],
            [
              278.0,
              289.5
            ],
            [
              279.0,
              289.5
            ],
            [
              280.0,
              289.5
            ],
            [
              280.5,
              290.0
            ],
            [
              281.0,
              290.5
            ],
            [
              282.0,
              290.5
            ],
            [
              282.5,
              291.0
            ],
            [
              282.5,
              292.0
            ],
            [
              283.0,
              292.5
            ],
            [
              283.5,
              293.0
            ],
            [
              284.0,
              293.5
            ],
            [
              284.5,
              294.0
            ],
            [
              284.5,
              295.0
            ],
            [
              285.0,
              295.5
            ],
            [
              285.5,
              296.0
            ],
            [
              285.5,
              297.0
            ],
            [
              286.0,
              297.5
            ],
            [
              286.5,
              298.0
            ],
            [
              286.5,
              299.0
            ],
            [
              287.0,
              299.5
            ],
            [
              287.5,
              300.0
            ],
            [
              287.5,
              301.0
            ],
            [
              288.0,
              301.5
            ],
            [
              288.5,
              302.0
            ],
            [
              288.5,
              303.0
            ],
            [
              288.5,
              304.0
            ],
            [
              288.5,
              305.0
            ],
            [
              289.0,
              305.5
            ],
            [
              289.5,
              306.0
            ],
            [
              289.5,
              307.0
            ],
            [
              289.5,
              308.0
            ],
            [
              289.5,
              309.0
            ],
            [
              289.5,
              310.0
            ],
            [
              289.0,
              310.5
            ],
            [
              288.5,
              311.0
            ],
            [
              288.5,
              312.0
            ],
            [
              288.5,
              313.0
            ],
            [
              288.5,
              314.0
            ],
            [
              288.0,
              314.5
            ],
            [
              287.5,
              315.0
            ],
            [
              287.5,
              316.0
            ],
            [
              287.0,
              316.5
            ],
            [
              286.5,
              317.0
            ],
            [
              286.0,
              317.5
            ],
            [
              285.5,
              318.0
            ],
            [
              285.0,
              318.5
            ],
            [
              284.5,
              319.0
            ],
            [
              284.0,
              319.5
            ]
          ]
        ]
      },
      "properties": {
        "objectType": "annotation",
        "classification": {
          "name": "Cell Nuclei",
          "color": [
            200,
            0,
            0
          ]
        },
        "isLocked": false
      }
    },
    {
      "type": "Feature",
      "id": "nuclei_22",
      "geometry": {
        "type": "Polygon",
        "coordinates": [
          [
            [
              235.0,
              332.5
            ],
            [
              234.0,
              332.5
            ],
            [
              233.0,
              332.5
            ],
            [
              232.0,
              332.5
            ],
            [
              231.0,
              332.5
            ],
            [
              230.0,
              332.5
            ],
            [
              229.0,
              332.5
            ],
            [
              228.5,
              332.0
            ],
            [
              228.0,
              331.5
            ],
            [
              227.5,
              331.0
            ],
            [
              227.5,
              330.0
            ],
            [
              227.5,
              329.0
            ],
            [
              227.5,
              328.0
            ],
            [
              227.5,
              327.0
            ],
            [
              228.0,
              326.5
            ],
            [
              228.5,
              326.0
            ],
            [
              228.5,
              325.0
            ],
            [
              229.0,
              324.5
            ],
            [
              229.5,
              324.0
            ],
            [
              230.0,
              323.5
            ],
            [
              230.5,
              323.0
            ],
            [
              230.5,
              322.0
            ],
            [
              231.0,
              321.5
            ],
            [
              231.5,
              321.0
            ],
            [
              232.0,
              320.5
            ],
            [
              232.5,
              320.0
            ],
            [
              233.0,
              319.5
            ],
            [
              233.5,
              319.0
            ],
            [
              233.5,
              318.0
            ],
            [
              234.0,
              317.5
            ],
            [
              234.5,
              317.0
            ],
            [
              234.5,
              316.0
            ],
            [
              235.0,
              315.5
            ],
            [
              235.5,
              315.0
            ],
            [
              235.5,
              314.0
            ],
            [
              236.0,
              313.5
            ],
            [
              236.5,
              313.0
            ],
            [
              236.5,
              312.0
            ],
            [
              237.0,
              311.5
            ],
            [
              237.5,
              311.0
            ],
            [
              238.0,
              310.5
            ],
            [
              238.5,
              310.0
            ],
            [
              239.0,
              309.5
            ],
            [
              239.5,
              309.0
            ],
            [
              240.0,
              308.5
            ],
            [
              240.5,
              308.0
            ],
            [
              241.0,
              307.5
            ],
            [
              242.0,
              307.5
            ],
            [
              243.0,
              307.5
            ],
            [
              244.0,
              307.5
            ],
            [
              245.0,
              307.5
            ],
            [
              246.0,
              307.5
            ],
            [
              247.0,
              307.5
            ],
            [
              247.5,
              308.0
            ],
            [
              248.0,
              308.5
            ],
            [
              249.0,
              308.5
            ],
            [
              250.0,
              308.5
            ],
            [
              250.5,
              309.0
            ],
            [
              250.5,
              310.0
            ],
            [
              250.5,
              311.0
            ],
            [
              250.5,
              312.0
            ],
            [
              250.5,
              313.0
            ],
            [
              250.0,
              313.5
            ],
            [
              249.5,
              314.0
            ],
            [
              249.5,
              315.0
            ],
            [
              249.0,
              315.5
            ],
            [
              248.5,
              316.0
            ],
            [
              248.5,
              317.0
            ],
            [
              248.0,
              317.5
            ],
            [
              247.5,
              318.0
            ],
            [
              247.5,
              319.0
            ],
            [
              247.0,
              319.5
            ],
            [
              246.5,
              320.0
            ],
            [
              246.5,
              321.0
            ],
            [
              246.0,
              321.5
            ],
            [
              245.5,
              322.0
            ],
            [
              245.0,
              322.5
            ],
            [
              244.5,
              323.0
            ],
            [
              244.5,
              324.0
            ],
            [
              244.0,
              324.5
            ],
            [
              243.5,
              325.0
            ],
            [
              243.0,
              325.5
            ],
            [
              242.5,
              326.0
            ],
            [
              242.5,
              327.0
            ],
            [
              242.0,
              327.5
            ],
            [
              241.5,
              328.0
            ],
            [
              241.0,
              328.5
            ],
            [
              240.0,
              328.5
            ],
            [
              239.5,
              329.0
            ],
            [
              239.0,
              329.5
            ],
            [
              238.5,
              330.0
            ],
            [
              238.0,
              330.5
            ],
            [
              237.5,
              331.0
            ],
            [
              237.0,
              331.5
            ],
            [
              236.0,
              331.5
            ],
            [
              235.5,
              332.0
            ],
            [
              235.0,
              332.5
            ]
          ]
        ]
      },
      "properties": {
        "objectType": "annotation",
        "classification": {
          "name": "Cell Nuclei",
          "color": [
            200,
            0,
            0
          ]
        },
        "isLocked": false
      }
    },
    {
      "type": "Feature",
      "id": "nuclei_23",
      "geometry": {
        "type": "Polygon",
        "coordinates": [
          [
            [
              55.0,
              329.5
            ],
            [
              54.0,
              329.5
            ],
            [
              53.0,
              329.5
            ],
            [
              52.0,
              329.5
            ],
            [
              51.0,
              329.5
            ],
            [
              50.5,
              329.0
            ],
            [
              50.0,
              328.5
            ],
            [
              49.0,
              328.5
            ],
            [
              48.5,
              328.0
            ],
            [
              48.0,
              327.5
            ],
            [
              47.5,
              327.0
            ],
            [
              47.0,
              326.5
            ],
            [
              46.0,
              326.5
            ],
            [
              45.5,
              326.0
            ],
            [
              45.0,
              325.5
            ],
            [
              44.5,
              325.0
            ],
            [
              44.5,
              324.0
            ],
            [
              44.0,
              323.5
            ],
            [
              43.5,
              323.0
            ],
            [
              43.5,
              322.0
            ],
            [
              43.5,
              321.0
            ],
            [
              43.0,
              320.5
            ],
            [
              42.5,
              320.0
            ],
            [
              42.5,
              319.0
            ],
            [
              42.5,
              318.0
            ],
            [
              42.5,
              317.0
            ],
            [
              42.5,
              316.0
            ],
            [
              42.5,
              315.0
            ],
            [
              43.0,
              314.5
            ],
            [
              43.5,
              314.0
            ],
            [
              44.0,
              313.5
            ],
            [
              44.5,
              313.0
            ],
            [
              45.0,
              312.5
            ],
            [
              46.0,
              312.5
            ],
            [
              47.0,
              312.5
            ],
            [
              47.5,
              312.0
            ],
            [
              48.0,
              311.5
            ],
            [
              49.0,
              311.5
            ],
            [
              50.0,
              311.5
            ],
            [
              50.5,
              311.0
            ],
            [
              51.0,
              310.5
            ],
            [
              51.5,
              310.0
            ],
            [
              52.0,
              309.5
            ],
            [
              53.0,
              309.5
            ],
            [
              54.0,
              309.5
            ],
            [
              55.0,
              309.5
            ],
            [
              56.0,
              309.5
            ],
            [
              56.5,
              310.0
            ],
            [
              57.0,
              310.5
            ],
            [
              57.5,
              311.0
            ],
            [
              57.5,
              312.0
            ],
            [
              58.0,
              312.5
            ],
            [
              58.5,
              313.0
            ],
            [
              58.5,
              314.0
            ],
            [
              58.5,
              315.0
            ],
            [
              58.5,
              316.0
            ],
            [
              59.0,
              316.5
            ],
            [
              59.5,
              317.0
            ],
            [
              59.5,
              318.0
            ],
            [
              59.5,
              319.0
            ],
            [
              59.5,
              320.0
            ],
            [
              59.0,
              320.5
            ],
            [
              58.5,
              321.0
            ],
            [
              58.5,
              322.0
            ],
            [
              58.5,
              323.0
            ],
            [
              58.0,
              323.5
            ],
            [
              57.5,
              324.0
            ],
            [
              57.5,
              325.0
            ],
            [
              57.5,
              326.0
            ],
            [
              57.5,
              327.0
            ],
            [
              57.0,
              327.5
            ],
            [
              56.5,
              328.0
            ],
            [
              56.0,
              328.5
            ],
            [
              55.5,
              329.0
            ],
            [
              55.0,
              329.5
            ]
          ]
        ]
      },
      "properties": {
        "objectType": "annotation",
        "classification": {
          "name": "Cell Nuclei",
          "color": [
            200,
            0,
            0
          ]
        },
        "isLocked": false
      }
    },
    {
      "type": "Feature",
      "id": "nuclei_24",
      "geometry": {
        "type": "Polygon",
        "coordinates": [
          [
            [
              162.0,
              328.5
            ],
            [
              161.0,
              328.5
            ],
            [
              160.0,
              328.5
            ],
            [
              159.0,
              328.5
            ],
            [
              158.0,
              328.5
            ],
            [
              157.0,
              328.5
            ],
            [
              156.0,
              328.5
            ],
            [
              155.0,
              328.5
            ],
            [
              154.5,
              328.0
            ],
            [
              154.0,
              327.5
            ],
            [
              153.0,
              327.5
            ],
            [
              152.5,
              327.0
            ],
            [
              152.0,
              326.5
            ],
            [
              151.5,
              326.0
            ],
            [
              151.5,
              325.0
            ],
            [
              151.0,
              324.5
            ],
            [
              150.5,
              324.0
            ],
            [
              150.5,
              323.0
            ],
            [
              150.5,
              322.0
            ],
            [
              150.5,
              321.0
            ],
            [
              150.5,
              320.0
            ],
            [
              151.0,
              319.5
            ],
            [
              151.5,
              319.0
            ],
            [
              151.5,
              318.0
            ],
            [
              152.0,
              317.5
            ],
            [
              153.0,
              317.5
            ],
            [
              153.5,
              317.0
            ],
            [
              154.0,
              316.5
            ],
            [
              154.5,
              316.0
            ],
            [
              155.0,
              315.5
            ],
            [
              156.0,
              315.5
            ],
            [
              156.5,
              315.0
            ],
            [
              157.0,
              314.5
            ],
            [
              158.0,
              314.5
            ],
            [
              158.5,
              314.0
            ],
            [
              159.0,
              313.5
            ],
            [
              160.0,
              313.5
            ],
            [
              160.5,
              313.0
            ],
            [
              161.0,
              312.5
            ],
            [
              161.5,
              312.0
            ],
            [
              162.0,
              311.5
            ],
            [
              163.0,
              311.5
            ],
            [
              164.0,
              311.5
            ],
            [
              165.0,
              311.5
            ],
            [
              165.5,
              312.0
            ],
            [
              166.0,
              312.5
            ],
            [
              166.5,
              313.0
            ],
            [
              166.5,
              314.0
            ],
            [
              166.5,
              315.0
            ],
            [
              166.5,
              316.0
            ],
            [
              166.5,
              317.0
            ],
            [
              166.5,
              318.0
            ],
            [
              167.0,
              318.5
            ],
            [
              167.5,
              319.0
            ],
            [
              167.5,
              320.0
            ],
            [
              167.5,
              321.0
            ],
            [
              167.5,
              322.0
            ],
            [
              167.5,
              323.0
            ],
            [
              167.5,
              324.0
            ],
            [
              167.0,
              324.5
            ],
            [
              166.5,
              325.0
            ],
            [
              166.0,
              325.5
            ],
            [
              165.5,
              326.0
            ],
            [
              165.0,
              326.5
            ],
            [
              164.5,
              327.0
            ],
            [
              164.0,
              327.5
            ],
            [
              163.0,
              327.5
            ],
            [
              162.5,
              328.0
            ],
            [
              162.0,
              328.5
            ]
          ]
        ]
      },
      "properties": {
        "objectType": "annotation",
        "classification": {
          "name": "Cell Nuclei",
          "color": [
            200,
            0,
            0
          ]
        },
        "isLocked": false
      }
    },
    {
      "type": "Feature",
      "id": "nuclei_25",
      "geometry": {
        "type": "Polygon",
        "coordinates": [
          [
            [
              356.0,
              335.5
            ],
            [
              355.0,
              335.5
            ],
            [
              354.0,
              335.5
            ],
            [
              353.0,
              335.5
            ],
            [
              352.0,
              335.5
            ],
            [
              351.0,
              335.5
            ],
            [
              350.0,
              335.5
            ],
            [
              349.0,
              335.5
            ],
            [
              348.5,
              335.0
            ],
            [
              348.0,
              334.5
            ],
            [
              347.5,
              334.0
            ],
            [
              347.5,
              333.0
            ],
            [
              347.5,
              332.0
            ],
            [
              347.5,
              331.0
            ],
            [
              348.0,
              330.5
            ],
            [
              348.5,
              330.0
            ],
            [
              349.0,
              329.5
            ],
            [
              349.5,
              329.0
            ],
            [
              350.0,
              328.5
            ],
            [
              351.0,
              328.5
            ],
            [
              351.5,
              328.0
            ],
            [
              352.0,
              327.5
            ],
            [
              353.0,
              327.5
            ],
            [
              353.5,
              327.0
            ],
            [
              354.0,
              326.5
            ],
            [
              355.0,
              326.5
            ],
            [
              355.5,
              326.0
            ],
            [
              356.0,
              325.5
            ],
            [
              357.0,
              325.5
            ],
            [
              357.5,
              325.0
            ],
            [
              358.0,
              324.5
            ],
            [
              359.0,
              324.5
            ],
            [
              359.5,
              324.0
            ],
            [
              360.0,
              323.5
            ],
            [
              361.0,
              323.5
            ],
            [
              362.0,
              323.5
            ],
            [
              363.0,
              323.5
            ],
            [
              364.0,
              323.5
            ],
            [
              364.5,
              323.0
            ],
            [
              365.0,
              322.5
            ],
            [
              366.0,
              322.5
            ],
            [
              367.0,
              322.5
            ],
            [
              368.0,
              322.5
            ],
            [
              368.5,
              322.0
            ],
            [
              369.0,
              321.5
            ],
            [
              370.0,
              321.5
            ],
            [
              370.5,
              321.0
            ],
            [
              371.0,
              320.5
            ],
            [
              371.5,
              320.0
            ],
            [
              372.0,
              319.5
            ],
            [
              373.0,
              319.5
            ],
            [
              373.5,
              319.0
            ],
            [
              374.0,
              318.5
            ],
            [
              374.5,
              318.0
            ],
            [
              375.0,
              317.5
            ],
            [
              375.5,
              317.0
            ],
            [
              376.0,
              316.5
            ],
            [
              376.5,
              316.0
            ],
            [
              377.0,
              315.5
            ],
            [
              378.0,
              315.5
            ],
            [
              378.5,
              315.0
            ],
            [
              379.0,
              314.5
            ],
            [
              380.0,
              314.5
            ],
            [
              380.5,
              314.0
            ],
            [
              381.0,
              313.5
            ],
            [
              382.0,
              313.5
            ],
            [
              383.0,
              313.5
            ],
            [
              384.0,
              313.5
            ],
            [
              384.5,
              314.0
            ],
            [
              385.0,
              314.5
            ],
            [
              386.0,
              314.5
            ],
            [
              386.5,
              315.0
            ],
            [
              387.0,
              315.5
            ],
            [
              387.5,
              316.0
            ],
            [
              387.5,
              317.0
            ],
            [
              388.0,
              317.5
            ],
            [
              388.5,
              318.0
            ],
            [
              388.5,
              319.0
            ],
            [
              388.5,
              320.0
            ],
            [
              388.5,
              321.0
            ],
            [
              388.5,
              322.0
            ],
            [
              388.5,
              323.0
            ],
            [
              388.0,
              323.5
            ],
            [
              387.5,
              324.0
            ],
            [
              387.5,
              325.0
            ],
            [
              387.0,
              325.5
            ],
            [
              386.5,
              326.0
            ],
            [
              386.0,
              326.5
            ],
            [
              385.0,
              326.5
            ],
            [
              384.5,
              327.0
            ],
            [
              384.0,
              327.5
            ],
            [
              383.0,
              327.5
            ],
            [
              382.5,
              328.0
            ],
            [
              382.0,
              328.5
            ],
            [
              381.0,
              328.5
            ],
            [
              380.0,
              328.5
            ],
            [
              379.0,
              328.5
            ],
            [
              378.0,
              328.5
            ],
            [
              377.5,
              329.0
            ],
            [
              377.0,
              329.5
            ],
            [
              376.0,
              329.5
            ],
            [
              375.0,
              329.5
            ],
            [
              374.0,
              329.5
            ],
            [
              373.5,
              330.0
            ],
            [
              373.0,
              330.5
            ],
            [
              372.0,
              330.5
            ],
            [
              371.0,
              330.5
            ],
            [
              370.5,
              331.0
            ],
            [
              370.0,
              331.5
            ],
            [
              369.0,
              331.5
            ],
            [
              368.0,
              331.5
            ],
            [
              367.5,
              332.0
            ],
            [
              367.0,
              332.5
            ],
            [
              366.0,
              332.5
            ],
            [
              365.0,
              332.5
            ],
            [
              364.0,
              332.5
            ],
            [
              363.5,
              333.0
            ],
            [
              363.0,
              333.5
            ],
            [
              362.0,
              333.5
            ],
            [
              361.0,
              333.5
            ],
            [
              360.5,
              334.0
            ],
            [
              360.0,
              334.5
            ],
            [
              359.0,
              334.5
            ],
            [
              358.0,
              334.5
            ],
            [
              357.0,
              334.5
            ],
            [
              356.5,
              335.0
            ],
            [
              356.0,
              335.5
            ]
          ]
        ]
      },
      "properties": {
        "objectType": "annotation",
        "classification": {
          "name": "Cell Nuclei",
          "color": [
            200,
            0,
            0
          ]
        },
        "isLocked": false
      }
    },
    {
      "type": "Feature",
      "id": "nuclei_26",
      "geometry": {
        "type": "Polygon",
        "coordinates": [
          [
            [
              212.0,
              332.5
            ],
            [
              211.0,
              332.5
            ],
            [
              210.0,
              332.5
            ],
            [
              209.0,
              332.5
            ],
            [
              208.0,
              332.5
            ],
            [
              207.5,
              332.0
            ],
            [
              207.0,
              331.5
            ],
            [
              206.5,
              331.0
            ],
            [
              206.0,
              330.5
            ],
            [
              205.0,
              330.5
            ],
            [
              204.5,
              330.0
            ],
            [
              204.5,
              329.0
            ],
            [
              204.0,
              328.5
            ],
            [
              203.5,
              328.0
            ],
            [
              203.0,
              327.5
            ],
            [
              202.5,
              327.0
            ],
            [
              202.5,
              326.0
            ],
            [
              202.0,
              325.5
            ],
            [
              201.5,
              325.0
            ],
            [
              201.5,
              324.0
            ],
            [
              201.5,
              323.0
            ],
            [
              202.0,
              322.5
            ],
            [
              202.5,
              322.0
            ],
            [
              203.0,
              321.5
            ],
            [
              203.5,
              321.0
            ],
            [
              204.0,
              320.5
            ],
            [
              204.5,
              320.0
            ],
            [
              205.0,
              319.5
            ],
            [
              205.5,
              319.0
            ],
            [
              206.0,
              318.5
            ],
            [
              207.0,
              318.5
            ],
            [
              207.5,
              318.0
            ],
            [
              208.0,
              317.5
            ],
            [
              209.0,
              317.5
            ],
            [
              209.5,
              317.0
            ],
            [
              210.0,
              316.5
            ],
            [
              211.0,
              316.5
            ],
            [
              212.0,
              316.5
            ],
            [
              212.5,
              316.0
            ],
            [
              213.0,
              315.5
            ],
            [
              214.0,
              315.5
            ],
            [
              215.0,
              315.5
            ],
            [
              216.0,
              315.5
            ],
            [
              217.0,
              315.5
            ],
            [
              218.0,
              315.5
            ],
            [
              218.5,
              315.0
            ],
            [
              219.0,
              314.5
            ],
            [
              220.0,
              314.5
            ],
            [
              221.0,
              314.5
            ],
            [
              222.0,
              314.5
            ],
            [
              223.0,
              314.5
            ],
            [
              224.0,
              314.5
            ],
            [
              224.5,
              315.0
            ],
            [
              225.0,
              315.5
            ],
            [
              225.5,
              316.0
            ],
            [
              225.5,
              317.0
            ],
            [
              225.0,
              317.5
            ],
            [
              224.5,
              318.0
            ],
            [
              224.5,
              319.0
            ],
            [
              224.0,
              319.5
            ],
            [
              223.5,
              320.0
            ],
            [
              223.5,
              321.0
            ],
            [
              223.0,
              321.5
            ],
            [
              222.5,
              322.0
            ],
            [
              222.0,
              322.5
            ],
            [
              221.5,
              323.0
            ],
            [
              221.5,
              324.0
            ],
            [
              221.0,
              324.5
            ],
            [
              220.5,
              325.0
            ],
            [
              220.0,
              325.5
            ],
            [
              219.5,
              326.0
            ],
            [
              219.0,
              326.5
            ],
            [
              218.5,
              327.0
            ],
            [
              218.0,
              327.5
            ],
            [
              217.5,
              328.0
            ],
            [
              217.0,
              328.5
            ],
            [
              216.0,
              328.5
            ],
            [
              215.5,
              329.0
            ],
            [
              215.0,
              329.5
            ],
            [
              214.5,
              330.0
            ],
            [
              214.0,
              330.5
            ],
            [
              213.5,
              331.0
            ],
            [
              213.0,
              331.5
            ],
            [
              212.5,
              332.0
            ],
            [
              212.0,
              332.5
            ]
          ]
        ]
      },
      "properties": {
        "objectType": "annotation",
        "classification": {
          "name": "Cell Nuclei",
          "color": [
            200,
            0,
            0
          ]
        },
        "isLocked": false
      }
    },
    {
      "type": "Feature",
      "id": "nuclei_27",
      "geometry": {
        "type": "Polygon",
        "coordinates": [
          [
            [
              47.0,
              361.5
            ],
            [
              46.0,
              361.5
            ],
            [
              45.0,
              361.5
            ],
            [
              44.0,
              361.5
            ],
            [
              43.0,
              361.5
            ],
            [
              42.5,
              361.0
            ],
            [
              42.0,
              360.5
            ],
            [
              41.5,
              360.0
            ],
            [
              41.0,
              359.5
            ],
            [
              40.0,
              359.5
            ],
            [
              39.5,
              359.0
            ],
            [
              39.0,
              358.5
            ],
            [
              38.5,
              358.0
            ],
            [
              38.0,
              357.5
            ],
            [
              37.5,
              357.0
            ],
            [
              37.5,
              356.0
            ],
            [
              37.0,
              355.5
            ],
            [
              36.5,
              355.0
            ],
            [
              36.5,
              354.0
            ],
            [
              36.0,
              353.5
            ],
            [
              35.5,
              353.0
            ],
            [
              35.5,
              352.0
            ],
            [
              35.5,
              351.0
            ],
            [
              35.5,
              350.0
            ],
            [
              35.5,
              349.0
            ],
            [
              35.5,
              348.0
            ],
            [
              36.0,
              347.5
            ],
            [
              36.5,
              347.0
            ],
            [
              36.5,
              346.0
            ],
            [
              37.0,
              345.5
            ],
            [
              37.5,
              345.0
            ],
            [
              38.0,
              344.5
            ],
            [
              39.0,
              344.5
            ],
            [
              39.5,
              344.0
            ],
            [
              40.0,
              343.5
            ],
            [
              40.5,
              343.0
            ],
            [
              40.5,
              342.0
            ],
            [
              41.0,
              341.5
            ],
            [
              41.5,
              341.0
            ],
            [
              42.0,
              340.5
            ],
            [
              42.5,
              340.0
            ],
            [
              43.0,
              339.5
            ],
            [
              43.5,
              339.0
            ],
            [
              44.0,
              338.5
            ],
            [
              44.5,
              338.0
            ],
            [
              45.0,
              337.5
            ],
            [
              46.0,
              337.5
            ],
            [
              47.0,
              337.5
            ],
            [
              48.0,
              337.5
            ],
            [
              49.0,
              337.5
            ],
            [
              49.5,
              338.0
            ],
            [
              50.0,
              338.5
            ],
            [
              50.5,
              339.0
            ],
            [
              50.5,
              340.0
            ],
            [
              50.5,
              341.0
            ],
            [
              51.0,
              341.5
            ],
            [
              51.5,
              342.0
            ],
            [
              51.5,
              343.0
            ],
            [
              51.5,
              344.0
            ],
            [
              51.5,
              345.0
            ],
            [
              51.5,
              346.0
            ],
            [
              51.5,
              347.0
            ],
            [
              51.5,
              348.0
            ],
            [
              51.5,
              349.0
            ],
            [
              51.5,
              350.0
            ],
            [
              51.5,
              351.0
            ],
            [
              51.5,
              352.0
            ],
            [
              51.5,
              353.0
            ],
            [
              51.5,
              354.0
            ],
            [
              51.5,
              355.0
            ],
            [
              51.5,
              356.0
            ],
            [
              51.5,
              357.0
            ],
            [
              51.0,
              357.5
            ],
            [
              50.5,
              358.0
            ],
            [
              50.0,
              358.5
            ],
            [
              49.5,
              359.0
            ],
            [
              49.0,
              359.5
            ],
            [
              48.5,
              360.0
            ],
            [
              48.0,
              360.5
            ],
            [
              47.5,
              361.0
            ],
            [
              47.0,
              361.5
            ]
          ]
        ]
      },
      "properties": {
        "objectType": "annotation",
        "classification": {
          "name": "Cell Nuclei",
          "color": [
            200,
            0,
            0
          ]
        },
        "isLocked": false
      }
    },
    {
      "type": "Feature",
      "id": "nuclei_28",
      "geometry": {
        "type": "Polygon",
        "coordinates": [
          [
            [
              235.0,
              380.5
            ],
            [
              234.0,
              380.5
            ],
            [
              233.0,
              380.5
            ],
            [
              232.5,
              380.0
            ],
            [
              232.0,
              379.5
            ],
            [
              231.5,
              379.0
            ],
            [
              231.5,
              378.0
            ],
            [
              231.0,
              377.5
            ],
            [
              230.5,
              377.0
            ],
            [
              230.5,
              376.0
            ],
            [
              230.5,
              375.0
            ],
            [
              230.5,
              374.0
            ],
            [
              230.0,
              373.5
            ],
            [
              229.5,
              373.0
            ],
            [
              229.5,
              372.0
            ],
            [
              229.5,
              371.0
            ],
            [
              229.5,
              370.0
            ],
            [
              230.0,
              369.5
            ],
            [
              230.5,
              369.0
            ],
            [
              230.5,
              368.0
            ],
            [
              231.0,
              367.5
            ],
            [
              231.5,
              367.0
            ],
            [
              231.5,
              366.0
            ],
            [
              231.5,
              365.0
            ],
            [
              232.0,
              364.5
            ],
            [
              232.5,
              364.0
            ],
            [
              232.5,
              363.0
            ],
            [
              232.5,
              362.0
            ],
            [
              232.5,
              361.0
            ],
            [
              232.5,
              360.0
            ],
            [
              232.5,
              359.0
            ],
            [
              232.5,
              358.0
            ],
            [
              232.5,
              357.0
            ],
            [
              233.0,
              356.5
            ],
            [
              233.5,
              356.0
            ],
            [
              233.5,
              355.0
            ],
            [
              233.5,
              354.0
            ],
            [
              234.0,
              353.5
            ],
            [
              234.5,
              353.0
            ],
            [
              235.0,
              352.5
            ],
            [
              235.5,
              352.0
            ],
            [
              236.0,
              351.5
            ],
            [
              236.5,
              352.0
            ],
            [
              237.0,
              352.5
            ],
            [
              238.0,
              352.5
            ],
            [
              238.5,
              353.0
            ],
            [
              239.0,
              353.5
            ],
            [
              239.5,
              354.0
            ],
            [
              240.0,
              354.5
            ],
            [
              240.5,
              355.0
            ],
            [
              241.0,
              355.5
            ],
            [
              241.5,
              356.0
            ],
            [
              241.5,
              357.0
            ],
            [
              242.0,
              357.5
            ],
            [
              242.5,
              358.0
            ],
            [
              242.5,
              359.0
            ],
            [
              242.5,
              360.0
            ],
            [
              242.5,
              361.0
            ],
            [
              242.5,
              362.0
            ],
            [
              242.5,
              363.0
            ],
            [
              242.5,
              364.0
            ],
            [
              242.5,
              365.0
            ],
            [
              242.5,
              366.0
            ],
            [
              242.5,
              367.0
            ],
            [
              242.5,
              368.0
            ],
            [
              242.0,
              368.5
            ],
            [
              241.5,
              369.0
            ],
            [
              241.5,
              370.0
            ],
            [
              241.0,
              370.5
            ],
            [
              240.5,
              371.0
            ],
            [
              240.0,
              371.5
            ],
            [
              239.5,
              372.0
            ],
            [
              239.5,
              373.0
            ],
            [
              239.0,
              373.5
            ],
            [
              238.5,
              374.0
            ],
            [
              238.5,
              375.0
            ],
            [
              238.0,
              375.5
            ],
            [
              237.5,
              376.0
            ],
            [
              237.5,
              377.0
            ],
            [
              237.5,
              378.0
            ],
            [
              237.0,
              378.5
            ],
            [
              236.5,
              379.0
            ],
            [
              236.0,
              379.5
            ],
            [
              235.5,
              380.0
            ],
            [
              235.0,
              380.5
            ]
          ]
        ]
      },
      "properties": {
        "objectType": "annotation",
        "classification": {
          "name": "Cell Nuclei",
          "color": [
            200,
            0,
            0
          ]
        },
        "isLocked": false
      }
    },
    {
      "type": "Feature",
      "id": "nuclei_29",
      "geometry": {
        "type": "Polygon",
        "coordinates": [
          [
            [
              48.0,
              382.5
            ],
            [
              47.0,
              382.5
            ],
            [
              46.0,
              382.5
            ],
            [
              45.0,
              382.5
            ],
            [
              44.0,
              382.5
            ],
            [
              43.0,
              382.5
            ],
            [
              42.0,
              382.5
            ],
            [
              41.5,
              382.0
            ],
            [
              41.0,
              381.5
            ],
            [
              40.0,
              381.5
            ],
            [
              39.5,
              381.0
            ],
            [
              39.0,
              380.5
            ],
            [
              38.0,
              380.5
            ],
            [
              37.5,
              380.0
            ],
            [
              37.0,
              379.5
            ],
            [
              36.5,
              379.0
            ],
            [
              36.0,
              378.5
            ],
            [
              35.5,
              378.0
            ],
            [
              35.5,
              377.0
            ],
            [
              35.5,
              376.0
            ],
            [
              35.5,
              375.0
            ],
            [
              35.5,
              374.0
            ],
            [
              36.0,
              373.5
            ],
            [
              36.5,
              373.0
            ],
            [
              37.0,
              372.5
            ],
            [
              38.0,
              372.5
            ],
            [
              38.5,
              372.0
            ],
            [
              39.0,
              371.5
            ],
            [
              39.5,
              371.0
            ],
            [
              40.0,
              370.5
            ],
            [
              41.0,
              370.5
            ],
            [
              41.5,
              370.0
            ],
            [
              42.0,
              369.5
            ],
            [
              43.0,
              369.5
            ],
            [
              44.0,
              369.5
            ],
            [
              44.5,
              369.0
            ],
            [
              45.0,
              368.5
            ],
            [
              46.0,
              368.5
            ],
            [
              46.5,
              368.0
            ],
            [
              47.0,
              367.5
            ],
            [
              48.0,
              367.5
            ],
            [
              48.5,
              367.0
            ],
            [
              49.0,
              366.5
            ],
            [
              49.5,
              366.0
            ],
            [
              50.0,
              365.5
            ],
            [
              50.5,
              365.0
            ],
            [
              51.0,
              364.5
            ],
            [
              51.5,
              365.0
            ],
            [
              52.0,
              365.5
            ],
            [
              53.0,
              365.5
            ],
            [
              53.5,
              366.0
            ],
            [
              53.5,
              367.0
            ],
            [
              54.0,
              367.5
            ],
            [
              54.5,
              368.0
            ],
            [
              54.5,
              369.0
            ],
            [
              55.0,
              369.5
            ],
            [
              55.5,
              370.0
            ],
            [
              55.5,
              371.0
            ],
            [
              55.5,
              372.0
            ],
            [
              56.0,
              372.5
            ],
            [
              56.5,
              373.0
            ],
            [
              56.0,
              373.5
            ],
            [
              55.5,
              374.0
            ],
            [
              55.5,
              375.0
            ],
            [
              55.5,
              376.0
            ],
            [
              55.5,
              377.0
            ],
            [
              55.0,
              377.5
            ],
            [
              54.5,
              378.0
            ],
            [
              54.0,
              378.5
            ],
            [
              53.5,
              379.0
            ],
            [
              53.0,
              379.5
            ],
            [
              52.5,
              380.0
            ],
            [
              52.0,
              380.5
            ],
            [
              51.0,
              380.5
            ],
            [
              50.5,
              381.0
            ],
            [
              50.0,
              381.5
            ],
            [
              49.0,
              381.5
            ],
            [
              48.5,
              382.0
            ],
            [
              48.0,
              382.5
            ]
          ]
        ]
      },
      "properties": {
        "objectType": "annotation",
        "classification": {
          "name": "Cell Nuclei",
          "color": [
            200,
            0,
            0
          ]
        },
        "isLocked": false
      }
    },
    {
      "type": "Feature",
      "id": "nuclei_30",
      "geometry": {
        "type": "Polygon",
        "coordinates": [
          [
            [
              207.0,
              389.5
            ],
            [
              206.0,
              389.5
            ],
            [
              205.0,
              389.5
            ],
            [
              204.0,
              389.5
            ],
            [
              203.5,
              389.0
            ],
            [
              203.0,
              388.5
            ],
            [
              202.0,
              388.5
            ],
            [
              201.0,
              388.5
            ],
            [
              200.5,
              388.0
            ],
            [
              200.0,
              387.5
            ],
            [
              199.5,
              387.0
            ],
            [
              199.0,
              386.5
            ],
            [
              198.5,
              386.0
            ],
            [
              198.5,
              385.0
            ],
            [
              198.5,
              384.0
            ],
            [
              198.0,
              383.5
            ],
            [
              197.5,
              383.0
            ],
            [
              197.5,
              382.0
            ],
            [
              197.5,
              381.0
            ],
            [
              197.5,
              380.0
            ],
            [
              197.5,
              379.0
            ],
            [
              198.0,
              378.5
            ],
            [
              198.5,
              378.0
            ],
            [
              198.5,
              377.0
            ],
            [
              199.0,
              376.5
            ],
            [
              199.5,
              376.0
            ],
            [
              200.0,
              375.5
            ],
            [
              200.5,
              375.0
            ],
            [
              201.0,
              374.5
            ],
            [
              201.5,
              374.0
            ],
            [
              202.0,
              373.5
            ],
            [
              203.0,
              373.5
            ],
            [
              204.0,
              373.5
            ],
            [
              205.0,
              373.5
            ],
            [
              206.0,
              373.5
            ],
            [
              206.5,
              374.0
            ],
            [
              207.0,
              374.5
            ],
            [
              208.0,
              374.5
            ],
            [
              209.0,
              374.5
            ],
            [
              209.5,
              375.0
            ],
            [
              210.0,
              375.5
            ],
            [
              210.5,
              376.0
            ],
            [
              211.0,
              376.5
            ],
            [
              211.5,
              377.0
            ],
            [
              211.5,
              378.0
            ],
            [
              212.0,
              378.5
            ],
            [
              212.5,
              379.0
            ],
            [
              212.5,
              380.0
            ],
            [
              212.5,
              381.0
            ],
            [
              212.5,
              382.0
            ],
            [
              212.0,
              382.5
            ],
            [
              211.5,
              383.0
            ],
            [
              211.5,
              384.0
            ],
            [
              211.5,
              385.0
            ],
            [
              211.0,
              385.5
            ],
            [
              210.5,
              386.0
            ],
            [
              210.5,
              387.0
            ],
            [
              210.0,
              387.5
            ],
            [
              209.5,
              388.0
            ],
            [
              209.0,
              388.5
            ],
            [
              208.0,
              388.5
            ],
            [
              207.5,
              389.0
            ],
            [
              207.0,
              389.5
            ]
          ]
        ]
      },
      "properties": {
        "objectType": "annotation",
        "classification": {
          "name": "Cell Nuclei",
          "color": [
            200,
            0,
            0
          ]
        },
        "isLocked": false
      }
    },
    {
      "type": "Feature",
      "id": "nuclei_31",
      "geometry": {
        "type": "Polygon",
        "coordinates": [
          [
            [
              448.0,
              403.5
            ],
            [
              447.0,
              403.5
            ],
            [
              446.0,
              403.5
            ],
            [
              445.0,
              403.5
            ],
            [
              444.5,
              403.0
            ],
            [
              444.0,
              402.5
            ],
            [
              443.0,
              402.5
            ],
            [
              442.5,
              402.0
            ],
            [
              442.0,
              401.5
            ],
            [
              441.0,
              401.5
            ],
            [
              440.5,
              401.0
            ],
            [
              440.0,
              400.5
            ],
            [
              439.0,
              400.5
            ],
            [
              438.5,
              400.0
            ],
            [
              438.0,
              399.5
            ],
            [
              437.0,
              399.5
            ],
            [
              436.5,
              399.0
            ],
            [
              436.0,
              398.5
            ],
            [
              435.5,
              398.0
            ],
            [
              435.5,
              397.0
            ],
            [
              435.5,
              396.0
            ],
            [
              435.5,
              395.0
            ],
            [
              435.5,
              394.0
            ],
            [
              435.5,
              393.0
            ],
            [
              435.5,
              392.0
            ],
            [
              435.5,
              391.0
            ],
            [
              435.5,
              390.0
            ],
            [
              435.5,
              389.0
            ],
            [
              436.0,
              388.5
            ],
            [
              436.5,
              388.0
            ],
            [
              436.5,
              387.0
            ],
            [
              436.5,
              386.0
            ],
            [
              437.0,
              385.5
            ],
            [
              437.5,
              385.0
            ],
            [
              438.0,
              384.5
            ],
            [
              438.5,
              384.0
            ],
            [
              439.0,
              383.5
            ],
            [
              440.0,
              383.5
            ],
            [
              440.5,
              383.0
            ],
            [
              441.0,
              382.5
            ],
            [
              442.0,
              382.5
            ],
            [
              442.5,
              382.0
            ],
            [
              443.0,
              381.5
            ],
            [
              444.0,
              381.5
            ],
            [
              444.5,
              381.0
            ],
            [
              445.0,
              380.5
            ],
            [
              446.0,
              380.5
            ],
            [
              447.0,
              380.5
            ],
            [
              448.0,
              380.5
            ],
            [
              448.5,
              381.0
            ],
            [
              449.0,
              381.5
            ],
            [
              450.0,
              381.5
            ],
            [
              450.5,
              382.0
            ],
            [
              450.5,
              383.0
            ],
            [
              451.0,
              383.5
            ],
            [
              451.5,
              384.0
            ],
            [
              451.5,
              385.0
            ],
            [
              451.5,
              386.0
            ],
            [
              451.5,
              387.0
            ],
            [
              451.5,
              388.0
            ],
            [
              451.5,
              389.0
            ],
            [
              451.5,
              390.0
            ],
            [
              451.5,
              391.0
            ],
            [
              451.5,
              392.0
            ],
            [
              451.5,
              393.0
            ],
            [
              451.5,
              394.0
            ],
            [
              451.5,
              395.0
            ],
            [
              451.5,
              396.0
            ],
            [
              451.5,
              397.0
            ],
            [
              451.5,
              398.0
            ],
            [
              451.0,
              398.5
            ],
            [
              450.5,
              399.0
            ],
            [
              450.5,
              400.0
            ],
            [
              450.0,
              400.5
            ],
            [
              449.5,
              401.0
            ],
            [
              449.5,
              402.0
            ],
            [
              449.0,
              402.5
            ],
            [
              448.5,
              403.0
            ],
            [
              448.0,
              403.5
            ]
          ]
        ]
      },
      "properties": {
        "objectType": "annotation",
        "classification": {
          "name": "Cell Nuclei",
          "color": [
            200,
            0,
            0
          ]
        },
        "isLocked": false
      }
    },
    {
      "type": "Feature",
      "id": "nuclei_32",
      "geometry": {
        "type": "Polygon",
        "coordinates": [
          [
            [
              38.0,
              400.5
            ],
            [
              37.0,
              400.5
            ],
            [
              36.0,
              400.5
            ],
            [
              35.0,
              400.5
            ],
            [
              34.0,
              400.5
            ],
            [
              33.0,
              400.5
            ],
            [
              32.5,
              400.0
            ],
            [
              32.0,
              399.5
            ],
            [
              31.0,
              399.5
            ],
            [
              30.5,
              399.0
            ],
            [
              30.0,
              398.5
            ],
            [
              29.5,
              398.0
            ],
            [
              29.0,
              397.5
            ],
            [
              28.5,
              397.0
            ],
            [
              28.0,
              396.5
            ],
            [
              27.5,
              396.0
            ],
            [
              27.0,
              395.5
            ],
            [
              26.5,
              395.0
            ],
            [
              26.5,
              394.0
            ],
            [
              26.0,
              393.5
            ],
            [
              25.5,
              393.0
            ],
            [
              25.5,
              392.0
            ],
            [
              25.0,
              391.5
            ],
            [
              24.5,
              391.0
            ],
            [
              24.5,
              390.0
            ],
            [
              24.5,
              389.0
            ],
            [
              24.5,
              388.0
            ],
            [
              24.0,
              387.5
            ],
            [
              23.5,
              387.0
            ],
            [
              23.5,
              386.0
            ],
            [
              23.5,
              385.0
            ],
            [
              23.5,
              384.0
            ],
            [
              24.0,
              383.5
            ],
            [
              24.5,
              383.0
            ],
            [
              25.0,
              382.5
            ],
            [
              26.0,
              382.5
            ],
            [
              27.0,
              382.5
            ],
            [
              28.0,
              382.5
            ],
            [
              29.0,
              382.5
            ],
            [
              29.5,
              383.0
            ],
            [
              30.0,
              383.5
            ],
            [
              31.0,
              383.5
            ],
            [
              32.0,
              383.5
            ],
            [
              32.5,
              384.0
            ],
            [
              33.0,
              384.5
            ],
            [
              33.5,
              385.0
            ],
            [
              34.0,
              385.5
            ],
            [
              35.0,
              385.5
            ],
            [
              35.5,
              386.0
            ],
            [
              36.0,
              386.5
            ],
            [
              36.5,
              387.0
            ],
            [
              37.0,
              387.5
            ],
            [
              37.5,
              388.0
            ],
            [
              38.0,
              388.5
            ],
            [
              38.5,
              389.0
            ],
            [
              39.0,
              389.5
            ],
            [
              39.5,
              390.0
            ],
            [
              39.5,
              391.0
            ],
            [
              40.0,
              391.5
            ],
            [
              40.5,
              392.0
            ],
            [
              40.5,
              393.0
            ],
            [
              40.5,
              394.0
            ],
            [
              40.5,
              395.0
            ],
            [
              40.5,
              396.0
            ],
            [
              40.5,
              397.0
            ],
            [
              40.0,
              397.5
            ],
            [
              39.5,
              398.0
            ],
            [
              39.5,
              399.0
            ],
            [
              39.0,
              399.5
            ],
            [
              38.5,
              400.0
            ],
            [
              38.0,
              400.5
            ]
          ]
        ]
      },
      "properties": {
        "objectType": "annotation",
        "classification": {
          "name": "Cell Nuclei",
          "color": [
            200,
            0,
            0
          ]
        },
        "isLocked": false
      }
    },
    {
      "type": "Feature",
      "id": "nuclei_33",
      "geometry": {
        "type": "Polygon",
        "coordinates": [
          [
            [
              366.0,
              420.5
            ],
            [
              365.0,
              420.5
            ],
            [
              364.0,
              420.5
            ],
            [
              363.0,
              420.5
            ],
            [
              362.5,
              420.0
            ],
            [
              362.0,
              419.5
            ],
            [
              361.5,
              419.0
            ],
            [
              361.0,
              418.5
            ],
            [
              360.5,
              418.0
            ],
            [
              360.0,
              417.5
            ],
            [
              359.5,
              417.0
            ],
            [
              359.5,
              416.0
            ],
            [
              359.0,
              415.5
            ],
            [
              358.5,
              415.0
            ],
            [
              358.5,
              414.0
            ],
            [
              358.5,
              413.0
            ],
            [
              358.0,
              412.5
            ],
            [
              357.5,
              412.0
            ],
            [
              357.5,
              411.0
            ],
            [
              357.5,
              410.0
            ],
            [
              357.5,
              409.0
            ],
            [
              357.5,
              408.0
            ],
            [
              357.0,
              407.5
            ],
            [
              356.5,
              407.0
            ],
            [
              356.5,
              406.0
            ],
            [
              356.5,
              405.0
            ],
            [
              356.5,
              404.0
            ],
            [
              356.5,
              403.0
            ],
            [
              356.5,
              402.0
            ],
            [
              356.5,
              401.0
            ],
            [
              356.5,
              400.0
            ],
            [
              356.5,
              399.0
            ],
            [
              356.5,
              398.0
            ],
            [
              356.5,
              397.0
            ],
            [
              357.0,
              396.5
            ],
            [
              357.5,
              396.0
            ],
            [
              357.5,
              395.0
            ],
            [
              358.0,
              394.5
            ],
            [
              358.5,
              394.0
            ],
            [
              359.0,
              393.5
            ],
            [
              359.5,
              393.0
            ],
            [
              360.0,
              392.5
            ],
            [
              360.5,
              392.0
            ],
            [
              361.0,
              391.5
            ],
            [
              362.0,
              391.5
            ],
            [
              362.5,
              391.0
            ],
            [
              363.0,
              390.5
            ],
            [
              364.0,
              390.5
            ],
            [
              365.0,
              390.5
            ],
            [
              366.0,
              390.5
            ],
            [
              367.0,
              390.5
            ],
            [
              368.0,
              390.5
            ],
            [
              369.0,
              390.5
            ],
            [
              370.0,
              390.5
            ],
            [
              370.5,
              391.0
            ],
            [
              371.0,
              391.5
            ],
            [
              372.0,
              391.5
            ],
            [
              372.5,
              392.0
            ],
            [
              372.5,
              393.0
            ],
            [
              373.0,
              393.5
            ],
            [
              373.5,
              394.0
            ],
            [
              374.0,
              394.5
            ],
            [
              374.5,
              395.0
            ],
            [
              374.5,
              396.0
            ],
            [
              375.0,
              396.5
            ],
            [
              375.5,
              397.0
            ],
            [
              375.5,
              398.0
            ],
            [
              376.0,
              398.5
            ],
            [
              376.5,
              399.0
            ],
            [
              376.5,
              400.0
            ],
            [
              376.5,
              401.0
            ],
            [
              377.0,
              401.5
            ],
            [
              377.5,
              402.0
            ],
            [
              377.5,
              403.0
            ],
            [
              377.5,
              404.0
            ],
            [
              377.5,
              405.0
            ],
            [
              377.5,
              406.0
            ],
            [
              377.5,
              407.0
            ],
            [
              377.5,
              408.0
            ],
            [
              377.0,
              408.5
            ],
            [
              376.5,
              409.0
            ],
            [
              376.5,
              410.0
            ],
            [
              376.0,
              410.5
            ],
            [
              375.5,
              411.0
            ],
            [
              375.5,
              412.0
            ],
            [
              375.0,
              412.5
            ],
            [
              374.5,
              413.0
            ],
            [
              374.0,
              413.5
            ],
            [
              373.5,
              414.0
            ],
            [
              373.0,
              414.5
            ],
            [
              372.0,
              414.5
            ],
            [
              371.5,
              415.0
            ],
            [
              371.0,
              415.5
            ],
            [
              370.5,
              416.0
            ],
            [
              370.0,
              416.5
            ],
            [
              369.5,
              417.0
            ],
            [
              369.0,
              417.5
            ],
            [
              368.5,
              418.0
            ],
            [
              368.0,
              418.5
            ],
            [
              367.5,
              419.0
            ],
            [
              367.0,
              419.5
            ],
            [
              366.5,
              420.0
            ],
            [
              366.0,
              420.5
            ]
          ]
        ]
      },
      "properties": {
        "objectType": "annotation",
        "classification": {
          "name": "Cell Nuclei",
          "color": [
            200,
            0,
            0
          ]
        },
        "isLocked": false
      }
    },
    {
      "type": "Feature",
      "id": "nuclei_34",
      "geometry": {
        "type": "Polygon",
        "coordinates": [
          [
            [
              113.0,
              416.5
            ],
            [
              112.0,
              416.5
            ],
            [
              111.0,
              416.5
            ],
            [
              110.0,
              416.5
            ],
            [
              109.0,
              416.5
            ],
            [
              108.0,
              416.5
            ],
            [
              107.0,
              416.5
            ],
            [
              106.5,
              416.0
            ],
            [
              106.0,
              415.5
            ],
            [
              105.0,
              415.5
            ],
            [
              104.5,
              415.0
            ],
            [
              104.0,
              414.5
            ],
            [
              103.5,
              414.0
            ],
            [
              103.0,
              413.5
            ],
            [
              102.0,
              413.5
            ],
            [
              101.5,
              413.0
            ],
            [
              101.5,
              412.0
            ],
            [
              101.5,
              411.0
            ],
            [
              101.0,
              410.5
            ],
            [
              100.5,
              410.0
            ],
            [
              100.5,
              409.0
            ],
            [
              100.5,
              408.0
            ],
            [
              100.5,
              407.0
            ],
            [
              100.5,
              406.0
            ],
            [
              100.5,
              405.0
            ],
            [
              100.5,
              404.0
            ],
            [
              100.5,
              403.0
            ],
            [
              100.5,
              402.0
            ],
            [
              101.0,
              401.5
            ],
            [
              101.5,
              401.0
            ],
            [
              102.0,
              400.5
            ],
            [
              102.5,
              400.0
            ],
            [
              102.5,
              399.0
            ],
            [
              103.0,
              398.5
            ],
            [
              103.5,
              398.0
            ],
            [
              104.0,
              397.5
            ],
            [
              104.5,
              397.0
            ],
            [
              105.0,
              396.5
            ],
            [
              105.5,
              396.0
            ],
            [
              106.0,
              395.5
            ],
            [
              107.0,
              395.5
            ],
            [
              108.0,
              395.5
            ],
            [
              109.0,
              395.5
            ],
            [
              110.0,
              395.5
            ],
            [
              110.5,
              396.0
            ],
            [
              111.0,
              396.5
            ],
            [
              112.0,
              396.5
            ],
            [
              112.5,
              397.0
            ],
            [
              113.0,
              397.5
            ],
            [
              113.5,
              398.0
            ],
            [
              114.0,
              398.5
            ],
            [
              114.5,
              399.0
            ],
            [
              115.0,
              399.5
            ],
            [
              115.5,
              400.0
            ],
            [
              116.0,
              400.5
            ],
            [
              116.5,
              401.0
            ],
            [
              116.5,
              402.0
            ],
            [
              116.5,
              403.0
            ],
            [
              116.5,
              404.0
            ],
            [
              116.5,
              405.0
            ],
            [
              117.0,
              405.5
            ],
            [
              117.5,
              406.0
            ],
            [
              117.5,
              407.0
            ],
            [
              117.5,
              408.0
            ],
            [
              117.5,
              409.0
            ],
            [
              117.5,
              410.0
            ],
            [
              117.5,
              411.0
            ],
            [
              117.5,
              412.0
            ],
            [
              117.0,
              412.5
            ],
            [
              116.5,
              413.0
            ],
            [
              116.5,
              414.0
            ],
            [
              116.0,
              414.5
            ],
            [
              115.5,
              415.0
            ],
            [
              115.0,
              415.5
            ],
            [
              114.0,
              415.5
            ],
            [
              113.5,
              416.0
            ],
            [
              113.0,
              416.5
            ]
          ]
        ]
      },
      "properties": {
        "objectType": "annotation",
        "classification": {
          "name": "Cell Nuclei",
          "color": [
            200,
            0,
            0
          ]
        },
        "isLocked": false
      }
    },
    {
      "type": "Feature",
      "id": "nuclei_35",
      "geometry": {
        "type": "Polygon",
        "coordinates": [
          [
            [
              402.0,
              412.5
            ],
            [
              401.0,
              412.5
            ],
            [
              400.0,
              412.5
            ],
            [
              399.5,
              412.0
            ],
            [
              399.0,
              411.5
            ],
            [
              398.5,
              411.0
            ],
            [
              398.0,
              410.5
            ],
            [
              397.0,
              410.5
            ],
            [
              396.5,
              410.0
            ],
            [
              396.0,
              409.5
            ],
            [
              395.5,
              409.0
            ],
            [
              395.0,
              408.5
            ],
            [
              394.5,
              408.0
            ],
            [
              394.0,
              407.5
            ],
            [
              393.5,
              407.0
            ],
            [
              393.0,
              406.5
            ],
            [
              392.5,
              406.0
            ],
            [
              392.0,
              405.5
            ],
            [
              391.5,
              405.0
            ],
            [
              391.5,
              404.0
            ],
            [
              391.5,
              403.0
            ],
            [
              391.5,
              402.0
            ],
            [
              392.0,
              401.5
            ],
            [
              392.5,
              401.0
            ],
            [
              393.0,
              400.5
            ],
            [
              394.0,
              400.5
            ],
            [
              395.0,
              400.5
            ],
            [
              395.5,
              400.0
            ],
            [
              396.0,
              399.5
            ],
            [
              397.0,
              399.5
            ],
            [
              398.0,
              399.5
            ],
            [
              398.5,
              399.0
            ],
            [
              399.0,
              398.5
            ],
            [
              400.0,
              398.5
            ],
            [
              401.0,
              398.5
            ],
            [
              402.0,
              398.5
            ],
            [
              402.5,
              399.0
            ],
            [
              403.0,
              399.5
            ],
            [
              403.5,
              400.0
            ],
            [
              404.0,
              400.5
            ],
            [
              404.5,
              401.0
            ],
            [
              404.5,
              402.0
            ],
            [
              404.5,
              403.0
            ],
            [
              405.0,
              403.5
            ],
            [
              405.5,
              404.0
            ],
            [
              405.5,
              405.0
            ],
            [
              405.5,
              406.0
            ],
            [
              405.5,
              407.0
            ],
            [
              405.5,
              408.0
            ],
            [
              405.0,
              408.5
            ],
            [
              404.5,
              409.0
            ],
            [
              404.5,
              410.0
            ],
            [
              404.0,
              410.5
            ],
            [
              403.5,
              411.0
            ],
            [
              403.0,
              411.5
            ],
            [
              402.5,
              412.0
            ],
            [
              402.0,
              412.5
            ]
          ]
        ]
      },
      "properties": {
        "objectType": "annotation",
        "classification": {
          "name": "Cell Nuclei",
          "color": [
            200,
            0,
            0
          ]
        },
        "isLocked": false
      }
    },
    {
      "type": "Feature",
      "id": "nuclei_36",
      "geometry": {
        "type": "Polygon",
        "coordinates": [
          [
            [
              195.0,
              424.5
            ],
            [
              194.0,
              424.5
            ],
            [
              193.0,
              424.5
            ],
            [
              192.0,
              424.5
            ],
            [
              191.5,
              424.0
            ],
            [
              191.0,
              423.5
            ],
            [
              190.5,
              423.0
            ],
            [
              190.0,
              422.5
            ],
            [
              189.5,
              422.0
            ],
            [
              189.0,
              421.5
            ],
            [
              188.5,
              421.0
            ],
            [
              188.5,
              420.0
            ],
            [
              188.0,
              419.5
            ],
            [
              187.5,
              419.0
            ],
            [
              187.5,
              418.0
            ],
            [
              187.0,
              417.5
            ],
            [
              186.5,
              417.0
            ],
            [
              186.5,
              416.0
            ],
            [
              186.5,
              415.0
            ],
            [
              186.0,
              414.5
            ],
            [
              185.5,
              414.0
            ],
            [
              185.5,
              413.0
            ],
            [
              185.5,
              412.0
            ],
            [
              185.5,
              411.0
            ],
            [
              185.5,
              410.0
            ],
            [
              185.5,
              409.0
            ],
            [
              185.5,
              408.0
            ],
            [
              186.0,
              407.5
            ],
            [
              187.0,
              407.5
            ],
            [
              187.5,
              407.0
            ],
            [
              188.0,
              406.5
            ],
            [
              189.0,
              406.5
            ],
            [
              190.0,
              406.5
            ],
            [
              190.5,
              407.0
            ],
            [
              191.0,
              407.5
            ],
            [
              192.0,
              407.5
            ],
            [
              193.0,
              407.5
            ],
            [
              193.5,
              408.0
            ],
            [
              194.0,
              408.5
            ],
            [
              194.5,
              409.0
            ],
            [
              195.0,
              409.5
            ],
            [
              195.5,
              410.0
            ],
            [
              196.0,
              410.5
            ],
            [
              196.5,
              411.0
            ],
            [
              197.0,
              411.5
            ],
            [
              197.5,
              412.0
            ],
            [
              197.5,
              413.0
            ],
            [
              197.5,
              414.0
            ],
            [
              198.0,
              414.5
            ],
            [
              198.5,
              415.0
            ],
            [
              198.5,
              416.0
            ],
            [
              199.0,
              416.5
            ],
            [
              199.5,
              417.0
            ],
            [
              199.5,
              418.0
            ],
            [
              199.5,
              419.0
            ],
            [
              199.5,
              420.0
            ],
            [
              199.0,
              420.5
            ],
            [
              198.5,
              421.0
            ],
            [
              198.0,
              421.5
            ],
            [
              197.5,
              422.0
            ],
            [
              197.5,
              423.0
            ],
            [
              197.0,
              423.5
            ],
            [
              196.0,
              423.5
            ],
            [
              195.5,
              424.0
            ],
            [
              195.0,
              424.5
            ]
          ]
        ]
      },
      "properties": {
        "objectType": "annotation",
        "classification": {
          "name": "Cell Nuclei",
          "color": [
            200,
            0,
            0
          ]
        },
        "isLocked": false
      }
    },
    {
      "type": "Feature",
      "id": "nuclei_37",
      "geometry": {
        "type": "Polygon",
        "coordinates": [
          [
            [
              239.0,
              429.5
            ],
            [
              238.0,
              429.5
            ],
            [
              237.0,
              429.5
            ],
            [
              236.0,
              429.5
            ],
            [
              235.5,
              429.0
            ],
            [
              235.0,
              428.5
            ],
            [
              234.5,
              428.0
            ],
            [
              234.0,
              427.5
            ],
            [
              233.0,
              427.5
            ],
            [
              232.5,
              427.0
            ],
            [
              232.0,
              426.5
            ],
            [
              231.5,
              426.0
            ],
            [
              231.0,
              425.5
            ],
            [
              230.5,
              425.0
            ],
            [
              230.0,
              424.5
            ],
            [
              229.5,
              424.0
            ],
            [
              229.0,
              423.5
            ],
            [
              228.0,
              423.5
            ],
            [
              227.5,
              423.0
            ],
            [
              227.0,
              422.5
            ],
            [
              226.5,
              422.0
            ],
            [
              226.5,
              421.0
            ],
            [
              226.5,
              420.0
            ],
            [
              226.0,
              419.5
            ],
            [
              225.5,
              419.0
            ],
            [
              225.5,
              418.0
            ],
            [
              225.5,
              417.0
            ],
            [
              226.0,
              416.5
            ],
            [
              226.5,
              416.0
            ],
            [
              226.5,
              415.0
            ],
            [
              226.5,
              414.0
            ],
            [
              227.0,
              413.5
            ],
            [
              227.5,
              413.0
            ],
            [
              228.0,
              412.5
            ],
            [
              228.5,
              412.0
            ],
            [
              228.5,
              411.0
            ],
            [
              229.0,
              410.5
            ],
            [
              229.5,
              410.0
            ],
            [
              230.0,
              409.5
            ],
            [
              231.0,
              409.5
            ],
            [
              231.5,
              409.0
            ],
            [
              232.0,
              408.5
            ],
            [
              233.0,
              408.5
            ],
            [
              233.5,
              408.0
            ],
            [
              234.0,
              407.5
            ],
            [
              235.0,
              407.5
            ],
            [
              235.5,
              408.0
            ],
            [
              236.0,
              408.5
            ],
            [
              237.0,
              408.5
            ],
            [
              237.5,
              409.0
            ],
            [
              238.0,
              409.5
            ],
            [
              239.0,
              409.5
            ],
            [
              239.5,
              410.0
            ],
            [
              240.0,
              410.5
            ],
            [
              240.5,
              411.0
            ],
            [
              241.0,
              411.5
            ],
            [
              241.5,
              412.0
            ],
            [
              242.0,
              412.5
            ],
            [
              242.5,
              413.0
            ],
            [
              242.5,
              414.0
            ],
            [
              243.0,
              414.5
            ],
            [
              243.5,
              415.0
            ],
            [
              244.0,
              415.5
            ],
            [
              244.5,
              416.0
            ],
            [
              244.5,
              417.0
            ],
            [
              245.0,
              417.5
            ],
            [
              245.5,
              418.0
            ],
            [
              245.5,
              419.0
            ],
            [
              246.0,
              419.5
            ],
            [
              246.5,
              420.0
            ],
            [
              246.5,
              421.0
            ],
            [
              246.5,
              422.0
            ],
            [
              247.0,
              422.5
            ],
            [
              247.5,
              423.0
            ],
            [
              247.5,
              424.0
            ],
            [
              247.0,
              424.5
            ],
            [
              246.5,
              425.0
            ],
            [
              246.0,
              425.5
            ],
            [
              245.5,
              426.0
            ],
            [
              245.0,
              426.5
            ],
            [
              244.5,
              427.0
            ],
            [
              244.0,
              427.5
            ],
            [
              243.0,
              427.5
            ],
            [
              242.5,
              428.0
            ],
            [
              242.0,
              428.5
            ],
            [
              241.0,
              428.5
            ],
            [
              240.0,
              428.5
            ],
            [
              239.5,
              429.0
            ],
            [
              239.0,
              429.5
            ]
          ]
        ]
      },
      "properties": {
        "objectType": "annotation",
        "classification": {
          "name": "Cell Nuclei",
          "color": [
            200,
            0,
            0
          ]
        },
        "isLocked": false
      }
    },
    {
      "type": "Feature",
      "id": "nuclei_38",
      "geometry": {
        "type": "Polygon",
        "coordinates": [
          [
            [
              163.0,
              437.5
            ],
            [
              162.0,
              437.5
            ],
            [
              161.0,
              437.5
            ],
            [
              160.0,
              437.5
            ],
            [
              159.5,
              437.0
            ],
            [
              159.0,
              436.5
            ],
            [
              158.5,
              436.0
            ],
            [
              158.0,
              435.5
            ],
            [
              157.5,
              435.0
            ],
            [
              157.0,
              434.5
            ],
            [
              156.5,
              434.0
            ],
            [
              156.5,
              433.0
            ],
            [
              156.5,
              432.0
            ],
            [
              156.0,
              431.5
            ],
            [
              155.5,
              431.0
            ],
            [
              155.5,
              430.0
            ],
            [
              155.5,
              429.0
            ],
            [
              155.0,
              428.5
            ],
            [
              154.5,
              428.0
            ],
            [
              154.5,
              427.0
            ],
            [
              154.5,
              426.0
            ],
            [
              154.0,
              425.5
            ],
            [
              153.5,
              425.0
            ],
            [
              153.5,
              424.0
            ],
            [
              153.5,
              423.0
            ],
            [
              153.5,
              422.0
            ],
            [
              153.5,
              421.0
            ],
            [
              153.5,
              420.0
            ],
            [
              154.0,
              419.5
            ],
            [
              154.5,
              419.0
            ],
            [
              154.5,
              418.0
            ],
            [
              155.0,
              417.5
            ],
            [
              155.5,
              417.0
            ],
            [
              156.0,
              416.5
            ],
            [
              156.5,
              416.0
            ],
            [
              157.0,
              415.5
            ],
            [
              157.5,
              415.0
            ],
            [
              158.0,
              414.5
            ],
            [
              159.0,
              414.5
            ],
            [
              159.5,
              414.0
            ],
            [
              160.0,
              413.5
            ],
            [
              160.5,
              413.0
            ],
            [
              161.0,
              412.5
            ],
            [
              162.0,
              412.5
            ],
            [
              163.0,
              412.5
            ],
            [
              164.0,
              412.5
            ],
            [
              164.5,
              413.0
            ],
            [
              165.0,
              413.5
            ],
            [
              166.0,
              413.5
            ],
            [
              167.0,
              413.5
            ],
            [
              167.5,
              414.0
            ],
            [
              168.0,
              414.5
            ],
            [
              169.0,
              414.5
            ],
            [
              170.0,
              414.5
            ],
            [
              171.0,
              414.5
            ],
            [
              171.5,
              415.0
            ],
            [
              172.0,
              415.5
            ],
            [
              172.5,
              416.0
            ],
            [
              173.0,
              416.5
            ],
            [
              173.5,
              417.0
            ],
            [
              173.5,
              418.0
            ],
            [
              174.0,
              418.5
            ],
            [
              174.5,
              419.0
            ],
            [
              174.5,
              420.0
            ],
            [
              174.5,
              421.0
            ],
            [
              175.0,
              421.5
            ],
            [
              175.5,
              422.0
            ],
            [
              175.5,
              423.0
            ],
            [
              175.5,
              424.0
            ],
            [
              175.5,
              425.0
            ],
            [
              175.5,
              426.0
            ],
            [
              175.0,
              426.5
            ],
            [
              174.5,
              427.0
            ],
            [
              174.5,
              428.0
            ],
            [
              174.0,
              428.5
            ],
            [
              173.5,
              429.0
            ],
            [
              173.5,
              430.0
            ],
            [
              173.0,
              430.5
            ],
            [
              172.5,
              431.0
            ],
            [
              172.0,
              431.5
            ],
            [
              171.5,
              432.0
            ],
            [
              171.0,
              432.5
            ],
            [
              170.0,
              432.5
            ],
            [
              169.5,
              433.0
            ],
            [
              169.0,
              433.5
            ],
            [
              168.5,
              434.0
            ],
            [
              168.0,
              434.5
            ],
            [
              167.0,
              434.5
            ],
            [
              166.5,
              435.0
            ],
            [
              166.0,
              435.5
            ],
            [
              165.5,
              436.0
            ],
            [
              165.0,
              436.5
            ],
            [
              164.0,
              436.5
            ],
            [
              163.5,
              437.0
            ],
            [
              163.0,
              437.5
            ]
          ]
        ]
      },
      "properties": {
        "objectType": "annotation",
        "classification": {
          "name": "Cell Nuclei",
          "color": [
            200,
            0,
            0
          ]
        },
        "isLocked": false
      }
    },
    {
      "type": "Feature",
      "id": "nuclei_39",
      "geometry": {
        "type": "Polygon",
        "coordinates": [
          [
            [
              294.0,
              450.5
            ],
            [
              293.0,
              450.5
            ],
            [
              292.0,
              450.5
            ],
            [
              291.0,
              450.5
            ],
            [
              290.5,
              450.0
            ],
            [
              290.0,
              449.5
            ],
            [
              289.5,
              449.0
            ],
            [
              289.0,
              448.5
            ],
            [
              288.5,
              448.0
            ],
            [
              288.0,
              447.5
            ],
            [
              287.5,
              447.0
            ],
            [
              287.0,
              446.5
            ],
            [
              286.5,
              446.0
            ],
            [
              286.0,
              445.5
            ],
            [
              285.5,
              445.0
            ],
            [
              285.5,
              444.0
            ],
            [
              285.0,
              443.5
            ],
            [
              284.5,
              443.0
            ],
            [
              284.5,
              442.0
            ],
            [
              284.5,
              441.0
            ],
            [
              284.5,
              440.0
            ],
            [
              284.5,
              439.0
            ],
            [
              284.5,
              438.0
            ],
            [
              285.0,
              437.5
            ],
            [
              285.5,
              437.0
            ],
            [
              285.5,
              436.0
            ],
            [
              285.5,
              435.0
            ],
            [
              285.5,
              434.0
            ],
            [
              285.5,
              433.0
            ],
            [
              285.5,
              432.0
            ],
            [
              286.0,
              431.5
            ],
            [
              286.5,
              431.0
            ],
            [
              286.5,
              430.0
            ],
            [
              287.0,
              429.5
            ],
            [
              288.0,
              429.5
            ],
            [
              288.5,
              429.0
            ],
            [
              289.0,
              428.5
            ],
            [
              290.0,
              428.5
            ],
            [
              291.0,
              428.5
            ],
            [
              292.0,
              428.5
            ],
            [
              292.5,
              429.0
            ],
            [
              293.0,
              429.5
            ],
            [
              294.0,
              429.5
            ],
            [
              295.0,
              429.5
            ],
            [
              295.5,
              430.0
            ],
            [
              296.0,
              430.5
            ],
            [
              297.0,
              430.5
            ],
            [
              298.0,
              430.5
            ],
            [
              298.5,
              431.0
            ],
            [
              299.0,
              431.5
            ],
            [
              299.5,
              432.0
            ],
            [
              300.0,
              432.5
            ],
            [
              300.5,
              433.0
            ],
            [
              301.0,
              433.5
            ],
            [
              301.5,
              434.0
            ],
            [
              302.0,
              434.5
            ],
            [
              302.5,
              435.0
            ],
            [
              302.5,
              436.0
            ],
            [
              302.5,
              437.0
            ],
            [
              302.5,
              438.0
            ],
            [
              302.5,
              439.0
            ],
            [
              302.5,
              440.0
            ],
            [
              302.0,
              440.5
            ],
            [
              301.5,
              441.0
            ],
            [
              301.5,
              442.0
            ],
            [
              301.0,
              442.5
            ],
            [
              300.5,
              443.0
            ],
            [
              300.5,
              444.0
            ],
            [
              300.0,
              444.5
            ],
            [
              299.5,
              445.0
            ],
            [
              299.5,
              446.0
            ],
            [
              299.0,
              446.5
            ],
            [
              298.5,
              447.0
            ],
            [
              298.0,
              447.5
            ],
            [
              297.5,
              448.0
            ],
            [
              297.0,
              448.5
            ],
            [
              296.5,
              449.0
            ],
            [
              296.0,
              449.5
            ],
            [
              295.0,
              449.5
            ],
            [
              294.5,
              450.0
            ],
            [
              294.0,
              450.5
            ]
          ]
        ]
      },
      "properties": {
        "objectType": "annotation",
        "classification": {
          "name": "Cell Nuclei",
          "color": [
            200,
            0,
            0
          ]
        },
        "isLocked": false
      }
    },
    {
      "type": "Feature",
      "id": "nuclei_40",
      "geometry": {
        "type": "Polygon",
        "coordinates": [
          [
            [
              262.0,
              465.5
            ],
            [
              261.0,
              465.5
            ],
            [
              260.0,
              465.5
            ],
            [
              259.0,
              465.5
            ],
            [
              258.5,
              465.0
            ],
            [
              258.0,
              464.5
            ],
            [
              257.5,
              464.0
            ],
            [
              257.0,
              463.5
            ],
            [
              256.0,
              463.5
            ],
            [
              255.5,
              463.0
            ],
            [
              255.0,
              462.5
            ],
            [
              254.5,
              462.0
            ],
            [
              254.0,
              461.5
            ],
            [
              253.5,
              461.0
            ],
            [
              253.0,
              460.5
            ],
            [
              252.5,
              460.0
            ],
            [
              252.0,
              459.5
            ],
            [
              251.5,
              459.0
            ],
            [
              251.0,
              458.5
            ],
            [
              250.5,
              458.0
            ],
            [
              250.5,
              457.0
            ],
            [
              250.0,
              456.5
            ],
            [
              249.5,
              456.0
            ],
            [
              249.5,
              455.0
            ],
            [
              249.5,
              454.0
            ],
            [
              249.0,
              453.5
            ],
            [
              248.5,
              453.0
            ],
            [
              248.5,
              452.0
            ],
            [
              248.5,
              451.0
            ],
            [
              248.5,
              450.0
            ],
            [
              249.0,
              449.5
            ],
            [
              249.5,
              449.0
            ],
            [
              249.5,
              448.0
            ],
            [
              249.5,
              447.0
            ],
            [
              249.5,
              446.0
            ],
            [
              249.5,
              445.0
            ],
            [
              249.5,
              444.0
            ],
            [
              249.5,
              443.0
            ],
            [
              250.0,
              442.5
            ],
            [
              250.5,
              442.0
            ],
            [
              251.0,
              441.5
            ],
            [
              251.5,
              441.0
            ],
            [
              252.0,
              440.5
            ],
            [
              252.5,
              440.0
            ],
            [
              253.0,
              439.5
            ],
            [
              253.5,
              439.0
            ],
            [
              254.0,
              438.5
            ],
            [
              255.0,
              438.5
            ],
            [
              256.0,
              438.5
            ],
            [
              257.0,
              438.5
            ],
            [
              257.5,
              439.0
            ],
            [
              258.0,
              439.5
            ],
            [
              259.0,
              439.5
            ],
            [
              259.5,
              440.0
            ],
            [
              260.0,
              440.5
            ],
            [
              260.5,
              441.0
            ],
            [
              261.0,
              441.5
            ],
            [
              261.5,
              442.0
            ],
            [
              262.0,
              442.5
            ],
            [
              262.5,
              443.0
            ],
            [
              263.0,
              443.5
            ],
            [
              263.5,
              444.0
            ],
            [
              264.0,
              444.5
            ],
            [
              264.5,
              445.0
            ],
            [
              265.0,
              445.5
            ],
            [
              266.0,
              445.5
            ],
            [
              266.5,
              446.0
            ],
            [
              267.0,
              446.5
            ],
            [
              267.5,
              447.0
            ],
            [
              268.0,
              447.5
            ],
            [
              269.0,
              447.5
            ],
            [
              270.0,
              447.5
            ],
            [
              270.5,
              448.0
            ],
            [
              271.0,
              448.5
            ],
            [
              272.0,
              448.5
            ],
            [
              272.5,
              449.0
            ],
            [
              273.0,
              449.5
            ],
            [
              273.5,
              450.0
            ],
            [
              274.0,
              450.5
            ],
            [
              274.5,
              451.0
            ],
            [
              275.0,
              451.5
            ],
            [
              275.5,
              452.0
            ],
            [
              275.5,
              453.0
            ],
            [
              275.5,
              454.0
            ],
            [
              276.0,
              454.5
            ],
            [
              276.5,
              455.0
            ],
            [
              276.0,
              455.5
            ],
            [
              275.5,
              456.0
            ],
            [
              275.0,
              456.5
            ],
            [
              274.5,
              457.0
            ],
            [
              274.0,
              457.5
            ],
            [
              273.5,
              458.0
            ],
            [
              273.0,
              458.5
            ],
            [
              272.5,
              459.0
            ],
            [
              272.0,
              459.5
            ],
            [
              271.5,
              460.0
            ],
            [
              271.0,
              460.5
            ],
            [
              270.5,
              461.0
            ],
            [
              270.0,
              461.5
            ],
            [
              269.0,
              461.5
            ],
            [
              268.5,
              462.0
            ],
            [
              268.0,
              462.5
            ],
            [
              267.5,
              463.0
            ],
            [
              267.0,
              463.5
            ],
            [
              266.0,
              463.5
            ],
            [
              265.5,
              464.0
            ],
            [
              265.0,
              464.5
            ],
            [
              264.0,
              464.5
            ],
            [
              263.0,
              464.5
            ],
            [
              262.5,
              465.0
            ],
            [
              262.0,
              465.5
            ]
          ]
        ]
      },
      "properties": {
        "objectType": "annotation",
        "classification": {
          "name": "Cell Nuclei",
          "color": [
            200,
            0,
            0
          ]
        },
        "isLocked": false
      }
    },
    {
      "type": "Feature",
      "id": "nuclei_41",
      "geometry": {
        "type": "Polygon",
        "coordinates": [
          [
            [
              340.0,
              465.5
            ],
            [
              339.0,
              465.5
            ],
            [
              338.0,
              465.5
            ],
            [
              337.0,
              465.5
            ],
            [
              336.5,
              465.0
            ],
            [
              336.0,
              464.5
            ],
            [
              335.0,
              464.5
            ],
            [
              334.0,
              464.5
            ],
            [
              333.5,
              464.0
            ],
            [
              333.0,
              463.5
            ],
            [
              332.5,
              463.0
            ],
            [
              332.0,
              462.5
            ],
            [
              331.5,
              462.0
            ],
            [
              331.5,
              461.0
            ],
            [
              331.5,
              460.0
            ],
            [
              331.0,
              459.5
            ],
            [
              330.5,
              459.0
            ],
            [
              330.5,
              458.0
            ],
            [
              330.5,
              457.0
            ],
            [
              330.5,
              456.0
            ],
            [
              330.5,
              455.0
            ],
            [
              330.5,
              454.0
            ],
            [
              330.5,
              453.0
            ],
            [
              331.0,
              452.5
            ],
            [
              331.5,
              452.0
            ],
            [
              331.5,
              451.0
            ],
            [
              332.0,
              450.5
            ],
            [
              332.5,
              450.0
            ],
            [
              333.0,
              449.5
            ],
            [
              334.0,
              449.5
            ],
            [
              334.5,
              449.0
            ],
            [
              335.0,
              448.5
            ],
            [
              336.0,
              448.5
            ],
            [
              337.0,
              448.5
            ],
            [
              337.5,
              448.0
            ],
            [
              338.0,
              447.5
            ],
            [
              339.0,
              447.5
            ],
            [
              340.0,
              447.5
            ],
            [
              341.0,
              447.5
            ],
            [
              342.0,
              447.5
            ],
            [
              342.5,
              448.0
            ],
            [
              343.0,
              448.5
            ],
            [
              344.0,
              448.5
            ],
            [
              345.0,
              448.5
            ],
            [
              346.0,
              448.5
            ],
            [
              347.0,
              448.5
            ],
            [
              347.5,
              449.0
            ],
            [
              348.0,
              449.5
            ],
            [
              349.0,
              449.5
            ],
            [
              349.5,
              450.0
            ],
            [
              350.0,
              450.5
            ],
            [
              350.5,
              451.0
            ],
            [
              351.0,
              451.5
            ],
            [
              351.5,
              452.0
            ],
            [
              351.5,
              453.0
            ],
            [
              352.0,
              453.5
            ],
            [
              352.5,
              454.0
            ],
            [
              352.5,
              455.0
            ],
            [
              353.0,
              455.5
            ],
            [
              353.5,
              456.0
            ],
            [
              353.5,
              457.0
            ],
            [
              353.5,
              458.0
            ],
            [
              353.0,
              458.5
            ],
            [
              352.5,
              459.0
            ],
            [
              352.5,
              460.0
            ],
            [
              352.0,
              460.5
            ],
            [
              351.5,
              461.0
            ],
            [
              351.0,
              461.5
            ],
            [
              350.5,
              462.0
            ],
            [
              350.0,
              462.5
            ],
            [
              349.0,
              462.5
            ],
            [
              348.5,
              463.0
            ],
            [
              348.0,
              463.5
            ],
            [
              347.0,
              463.5
            ],
            [
              346.0,
              463.5
            ],
            [
              345.0,
              463.5
            ],
            [
              344.0,
              463.5
            ],
            [
              343.5,
              464.0
            ],
            [
              343.0,
              464.5
            ],
            [
              342.0,
              464.5
            ],
            [
              341.0,
              464.5
            ],
            [
              340.5,
              465.0
            ],
            [
              340.0,
              465.5
            ]
          ]
        ]
      },
      "properties": {
        "objectType": "annotation",
        "classification": {
          "name": "Cell Nuclei",
          "color": [
            200,
            0,
            0
          ]
        },
        "isLocked": false
      }
    },
    {
      "type": "Feature",
      "id": "nuclei_42",
      "geometry": {
        "type": "Polygon",
        "coordinates": [
          [
            [
              241.0,
              482.5
            ],
            [
              240.0,
              482.5
            ],
            [
              239.0,
              482.5
            ],
            [
              238.0,
              482.5
            ],
            [
              237.5,
              482.0
            ],
            [
              237.5,
              481.0
            ],
            [
              237.0,
              480.5
            ],
            [
              236.5,
              480.0
            ],
            [
              236.0,
              479.5
            ],
            [
              235.5,
              479.0
            ],
            [
              235.0,
              478.5
            ],
            [
              234.5,
              478.0
            ],
            [
              234.0,
              477.5
            ],
            [
              233.5,
              477.0
            ],
            [
              233.5,
              476.0
            ],
            [
              233.0,
              475.5
            ],
            [
              232.5,
              475.0
            ],
            [
              232.0,
              474.5
            ],
            [
              231.0,
              474.5
            ],
            [
              230.5,
              474.0
            ],
            [
              230.0,
              473.5
            ],
            [
              229.0,
              473.5
            ],
            [
              228.0,
              473.5
            ],
            [
              227.0,
              473.5
            ],
            [
              226.0,
              473.5
            ],
            [
              225.0,
              473.5
            ],
            [
              224.0,
              473.5
            ],
            [
              223.0,
              473.5
            ],
            [
              222.5,
              474.0
            ],
            [
              222.0,
              474.5
            ],
            [
              221.0,
              474.5
            ],
            [
              220.0,
              474.5
            ],
            [
              219.0,
              474.5
            ],
            [
              218.0,
              474.5
            ],
            [
              217.0,
              474.5
            ],
            [
              216.0,
              474.5
            ],
            [
              215.0,
              474.5
            ],
            [
              214.0,
              474.5
            ],
            [
              213.0,
              474.5
            ],
            [
              212.0,
              474.5
            ],
            [
              211.5,
              474.0
            ],
            [
              211.0,
              473.5
            ],
            [
              210.0,
              473.5
            ],
            [
              209.5,
              473.0
            ],
            [
              209.0,
              472.5
            ],
            [
              208.5,
              472.0
            ],
            [
              208.0,
              471.5
            ],
            [
              207.5,
              471.0
            ],
            [
              207.5,
              470.0
            ],
            [
              207.5,
              469.0
            ],
            [
              207.0,
              468.5
            ],
            [
              206.5,
              468.0
            ],
            [
              207.0,
              467.5
            ],
            [
              207.5,
              467.0
            ],
            [
              207.5,
              466.0
            ],
            [
              207.5,
              465.0
            ],
            [
              208.0,
              464.5
            ],
            [
              208.5,
              464.0
            ],
            [
              209.0,
              463.5
            ],
            [
              209.5,
              463.0
            ],
            [
              210.0,
              462.5
            ],
            [
              210.5,
              462.0
            ],
            [
              211.0,
              461.5
            ],
            [
              212.0,
              461.5
            ],
            [
              212.5,
              461.0
            ],
            [
              213.0,
              460.5
            ],
            [
              213.5,
              460.0
            ],
            [
              214.0,
              459.5
            ],
            [
              215.0,
              459.5
            ],
            [
              215.5,
              459.0
            ],
            [
              216.0,
              458.5
            ],
            [
              217.0,
              458.5
            ],
            [
              217.5,
              458.0
            ],
            [
              218.0,
              457.5
            ],
            [
              219.0,
              457.5
            ],
            [
              220.0,
              457.5
            ],
            [
              221.0,
              457.5
            ],
            [
              222.0,
              457.5
            ],
            [
              223.0,
              457.5
            ],
            [
              224.0,
              457.5
            ],
            [
              224.5,
              458.0
            ],
            [
              225.0,
              458.5
            ],
            [
              226.0,
              458.5
            ],
            [
              226.5,
              459.0
            ],
            [
              227.0,
              459.5
            ],
            [
              228.0,
              459.5
            ],
            [
              228.5,
              460.0
            ],
            [
              229.0,
              460.5
            ],
            [
              229.5,
              461.0
            ],
            [
              230.0,
              461.5
            ],
            [
              231.0,
              461.5
            ],
            [
              231.5,
              462.0
            ],
            [
              232.0,
              462.5
            ],
            [
              232.5,
              463.0
            ],
            [
              232.5,
              464.0
            ],
            [
              233.0,
              464.5
            ],
            [
              233.5,
              465.0
            ],
            [
              234.0,
              465.5
            ],
            [
              234.5,
              466.0
            ],
            [
              235.0,
              466.5
            ],
            [
              235.5,
              467.0
            ],
            [
              236.0,
              467.5
            ],
            [
              236.5,
              468.0
            ],
            [
              237.0,
              468.5
            ],
            [
              237.5,
              469.0
            ],
            [
              238.0,
              469.5
            ],
            [
              238.5,
              470.0
            ],
            [
              239.0,
              470.5
            ],
            [
              240.0,
              470.5
            ],
            [
              240.5,
              471.0
            ],
            [
              240.5,
              472.0
            ],
            [
              241.0,
              472.5
            ],
            [
              241.5,
              473.0
            ],
            [
              241.5,
              474.0
            ],
            [
              242.0,
              474.5
            ],
            [
              242.5,
              475.0
            ],
            [
              243.0,
              475.5
            ],
            [
              243.5,
              476.0
            ],
            [
              243.5,
              477.0
            ],
            [
              243.5,
              478.0
            ],
            [
              243.5,
              479.0
            ],
            [
              243.5,
              480.0
            ],
            [
              243.0,
              480.5
            ],
            [
              242.5,
              481.0
            ],
            [
              242.0,
              481.5
            ],
            [
              241.5,
              482.0
            ],
            [
              241.0,
              482.5
            ]
          ]
        ]
      },
      "properties": {
        "objectType": "annotation",
        "classification": {
          "name": "Cell Nuclei",
          "color": [
            200,
            0,
            0
          ]
        },
        "isLocked": false
      }
    },
    {
      "type": "Feature",
      "id": "nuclei_43",
      "geometry": {
        "type": "Polygon",
        "coordinates": [
          [
            [
              496.0,
              510.5
            ],
            [
              495.0,
              510.5
            ],
            [
              494.0,
              510.5
            ],
            [
              493.0,
              510.5
            ],
            [
              492.0,
              510.5
            ],
            [
              491.0,
              510.5
            ],
            [
              490.0,
              510.5
            ],
            [
              489.0,
              510.5
            ],
            [
              488.0,
              510.5
            ],
            [
              487.0,
              510.5
            ],
            [
              486.0,
              510.5
            ],
            [
              485.0,
              510.5
            ],
            [
              484.0,
              510.5
            ],
            [
              483.0,
              510.5
            ],
            [
              482.0,
              510.5
            ],
            [
              481.5,
              510.0
            ],
            [
              481.0,
              509.5
            ],
            [
              480.0,
              509.5
            ],
            [
              479.5,
              509.0
            ],
            [
              479.0,
              508.5
            ],
            [
              478.0,
              508.5
            ],
            [
              477.5,
              508.0
            ],
            [
              477.5,
              507.0
            ],
            [
              477.0,
              506.5
            ],
            [
              476.5,
              506.0
            ],
            [
              476.0,
              505.5
            ],
            [
              475.5,
              505.0
            ],
            [
              475.5,
              504.0
            ],
            [
              475.5,
              503.0
            ],
            [
              475.0,
              502.5
            ],
            [
              474.5,
              502.0
            ],
            [
              474.5,
              501.0
            ],
            [
              474.5,
              500.0
            ],
            [
              474.5,
              499.0
            ],
            [
              474.5,
              498.0
            ],
            [
              474.5,
              497.0
            ],
            [
              475.0,
              496.5
            ],
            [
              475.5,
              496.0
            ],
            [
              476.0,
              495.5
            ],
            [
              476.5,
              495.0
            ],
            [
              477.0,
              494.5
            ],
            [
              477.5,
              494.0
            ],
            [
              478.0,
              493.5
            ],
            [
              478.5,
              493.0
            ],
            [
              478.5,
              492.0
            ],
            [
              479.0,
              491.5
            ],
            [
              479.5,
              491.0
            ],
            [
              480.0,
              490.5
            ],
            [
              480.5,
              490.0
            ],
            [
              481.0,
              489.5
            ],
            [
              481.5,
              489.0
            ],
            [
              481.5,
              488.0
            ],
            [
              482.0,
              487.5
            ],
            [
              482.5,
              487.0
            ],
            [
              483.0,
              486.5
            ],
            [
              483.5,
              486.0
            ],
            [
              484.0,
              485.5
            ],
            [
              484.5,
              485.0
            ],
            [
              485.0,
              484.5
            ],
            [
              486.0,
              484.5
            ],
            [
              487.0,
              484.5
            ],
            [
              488.0,
              484.5
            ],
            [
              489.0,
              484.5
            ],
            [
              490.0,
              484.5
            ],
            [
              491.0,
              484.5
            ],
            [
              491.5,
              485.0
            ],
            [
              492.0,
              485.5
            ],
            [
              493.0,
              485.5
            ],
            [
              494.0,
              485.5
            ],
            [
              494.5,
              486.0
            ],
            [
              495.0,
              486.5
            ],
            [
              495.5,
              487.0
            ],
            [
              496.0,
              487.5
            ],
            [
              497.0,
              487.5
            ],
            [
              497.5,
              488.0
            ],
            [
              498.0,
              488.5
            ],
            [
              498.5,
              489.0
            ],
            [
              499.0,
              489.5
            ],
            [
              499.5,
              490.0
            ],
            [
              500.0,
              490.5
            ],
            [
              500.5,
              491.0
            ],
            [
              500.5,
              492.0
            ],
            [
              501.0,
              492.5
            ],
            [
              501.5,
              493.0
            ],
            [
              501.5,
              494.0
            ],
            [
              501.5,
              495.0
            ],
            [
              501.5,
              496.0
            ],
            [
              502.0,
              496.5
            ],
            [
              502.5,
              497.0
            ],
            [
              502.5,
              498.0
            ],
            [
              502.5,
              499.0
            ],
            [
              502.5,
              500.0
            ],
            [
              502.5,
              501.0
            ],
            [
              502.5,
              502.0
            ],
            [
              502.5,
              503.0
            ],
            [
              502.0,
              503.5
            ],
            [
              501.5,
              504.0
            ],
            [
              501.5,
              505.0
            ],
            [
              501.0,
              505.5
            ],
            [
              500.5,
              506.0
            ],
            [
              500.5,
              507.0
            ],
            [
              500.0,
              507.5
            ],
            [
              499.5,
              508.0
            ],
            [
              499.0,
              508.5
            ],
            [
              498.5,
              509.0
            ],
            [
              498.0,
              509.5
            ],
            [
              497.0,
              509.5
            ],
            [
              496.5,
              510.0
            ],
            [
              496.0,
              510.5
            ]
          ]
        ]
      },
      "properties": {
        "objectType": "annotation",
        "classification": {
          "name": "Cell Nuclei",
          "color": [
            200,
            0,
            0
          ]
        },
        "isLocked": false
      }
    },
    {
      "type": "Feature",
      "id": "nuclei_44",
      "geometry": {
        "type": "Polygon",
        "coordinates": [
          [
            [
              207.0,
              509.5
            ],
            [
              206.0,
              509.5
            ],
            [
              205.5,
              509.0
            ],
            [
              205.0,
              508.5
            ],
            [
              204.5,
              508.0
            ],
            [
              204.0,
              507.5
            ],
            [
              203.5,
              507.0
            ],
            [
              203.0,
              506.5
            ],
            [
              202.5,
              506.0
            ],
            [
              202.5,
              505.0
            ],
            [
              202.5,
              504.0
            ],
            [
              202.5,
              503.0
            ],
            [
              202.0,
              502.5
            ],
            [
              201.5,
              502.0
            ],
            [
              202.0,
              501.5
            ],
            [
              202.5,
              501.0
            ],
            [
              202.5,
              500.0
            ],
            [
              202.5,
              499.0
            ],
            [
              202.5,
              498.0
            ],
            [
              202.5,
              497.0
            ],
            [
              202.5,
              496.0
            ],
            [
              203.0,
              495.5
            ],
            [
              203.5,
              495.0
            ],
            [
              203.5,
              494.0
            ],
            [
              204.0,
              493.5
            ],
            [
              204.5,
              493.0
            ],
            [
              204.5,
              492.0
            ],
            [
              205.0,
              491.5
            ],
            [
              206.0,
              491.5
            ],
            [
              206.5,
              491.0
            ],
            [
              207.0,
              490.5
            ],
            [
              208.0,
              490.5
            ],
            [
              209.0,
              490.5
            ],
            [
              209.5,
              491.0
            ],
            [
              210.0,
              491.5
            ],
            [
              210.5,
              492.0
            ],
            [
              211.0,
              492.5
            ],
            [
              211.5,
              493.0
            ],
            [
              211.5,
              494.0
            ],
            [
              212.0,
              494.5
            ],
            [
              212.5,
              495.0
            ],
            [
              212.5,
              496.0
            ],
            [
              212.5,
              497.0
            ],
            [
              212.5,
              498.0
            ],
            [
              212.5,
              499.0
            ],
            [
              212.5,
              500.0
            ],
            [
              212.0,
              500.5
            ],
            [
              211.5,
              501.0
            ],
            [
              211.5,
              502.0
            ],
            [
              211.5,
              503.0
            ],
            [
              211.0,
              503.5
            ],
            [
              210.5,
              504.0
            ],
            [
              210.5,
              505.0
            ],
            [
              210.5,
              506.0
            ],
            [
              210.0,
              506.5
            ],
            [
              209.5,
              507.0
            ],
            [
              209.5,
              508.0
            ],
            [
              209.0,
              508.5
            ],
            [
              208.0,
              508.5
            ],
            [
              207.5,
              509.0
            ],
            [
              207.0,
              509.5
            ]
          ]
        ]
      },
      "properties": {
        "objectType": "annotation",
        "classification": {
          "name": "Cell Nuclei",
          "color": [
            200,
            0,
            0
          ]
        },
        "isLocked": false
      }
    },
    {
      "type": "Feature",
      "id": "nuclei_45",
      "geometry": {
        "type": "Polygon",
        "coordinates": [
          [
            [
              409.0,
              509.5
            ],
            [
              408.5,
              509.0
            ],
            [
              408.5,
              508.0
            ],
            [
              408.5,
              507.0
            ],
            [
              409.0,
              506.5
            ],
            [
              409.5,
              506.0
            ],
            [
              409.5,
              505.0
            ],
            [
              410.0,
              504.5
            ],
            [
              410.5,
              504.0
            ],
            [
              410.5,
              503.0
            ],
            [
              411.0,
              502.5
            ],
            [
              411.5,
              502.0
            ],
            [
              411.5,
              501.0
            ],
            [
              412.0,
              500.5
            ],
            [
              412.5,
              500.0
            ],
            [
              412.5,
              499.0
            ],
            [
              413.0,
              498.5
            ],
            [
              413.5,
              498.0
            ],
            [
              413.5,
              497.0
            ],
            [
              414.0,
              496.5
            ],
            [
              415.0,
              496.5
            ],
            [
              415.5,
              496.0
            ],
            [
              416.0,
              495.5
            ],
            [
              417.0,
              495.5
            ],
            [
              417.5,
              496.0
            ],
            [
              418.0,
              496.5
            ],
            [
              418.5,
              497.0
            ],
            [
              418.5,
              498.0
            ],
            [
              418.5,
              499.0
            ],
            [
              418.5,
              500.0
            ],
            [
              418.5,
              501.0
            ],
            [
              418.5,
              502.0
            ],
            [
              418.0,
              502.5
            ],
            [
              417.5,
              503.0
            ],
            [
              417.0,
              503.5
            ],
            [
              416.5,
              504.0
            ],
            [
              416.0,
              504.5
            ],
            [
              415.0,
              504.5
            ],
            [
              414.5,
              505.0
            ],
            [
              414.0,
              505.5
            ],
            [
              413.0,
              505.5
            ],
            [
              412.5,
              506.0
            ],
            [
              412.0,
              506.5
            ],
            [
              411.5,
              507.0
            ],
            [
              411.0,
              507.5
            ],
            [
              410.5,
              508.0
            ],
            [
              410.0,
              508.5
            ],
            [
              409.5,
              509.0
            ],
            [
              409.0,
              509.5
            ]
          ]
        ]
      },
      "properties": {
        "objectType": "annotation",
        "classification": {
          "name": "Cell Nuclei",
          "color": [
            200,
            0,
            0
          ]
        },
        "isLocked": false
      }
    }
  ]
}